Paradigm,Order,Class,Lemma,Stem,Head,Subject,Object,Mode,Negation,Form1Surface,Form1Split,Form1Source,Form2Surface,Form2Split,Form2Source
VAI,Pcp/ChCnj,VAI_VV,maajiibatoo,maajiibatoo,3PlObvHead,3PlObvSubj,NONE,Dub,Neg,mayaajiibatoosiinigwenan,<ChCnj><<maajiibatoo>>siinigwenan,GUESS,,,
VAI,Pcp/ChCnj,VAI_VV,madaabii,madaabii,3PlObvHead,3PlObvSubj,NONE,Dub,Neg,medaabiisiinigwenan,<ChCnj><<madaabii>>siinigwenan,GUESS,,,
VAI,Pcp/ChCnj,VAI_m,minongwaam,minongwaam,3PlObvHead,3PlObvSubj,NONE,Dub,Neg,menongwaanziinigwenan,<ChCnj><<minongwaan>>ziinigwenan,GUESS,,,
VAI,Pcp/ChCnj,VAI_V,nagamo,nagamo,3PlObvHead,3PlObvSubj,NONE,Dub,Neg,negamosiinigwenan,<ChCnj><<nagamo>>siinigwenan,GUESS,,,
VAI,Pcp/ChCnj,VAI_VV,nibaa,nibaa,3PlObvHead,3PlObvSubj,NONE,Dub,Neg,nebaasiinigwenan,<ChCnj><<nibaa>>siinigwenan,GUESS,,,
VAI,Pcp/ChCnj,VAI_V,niimi,niimi,3PlObvHead,3PlObvSubj,NONE,Dub,Neg,naamisiinigwenan,<ChCnj><<niimi>>siinigwenan,GUESS,,,
VAI,Pcp/ChCnj,VAI_n,wanishin,wanishin,3PlObvHead,3PlObvSubj,NONE,Dub,Neg,wenishinziinigwenan,<ChCnj><<wanishin>>ziinigwenan,GUESS,,,
VAI,Pcp/ChCnj,VAI_VV,webinige,webinige,3PlObvHead,3PlObvSubj,NONE,Dub,Neg,wayebinigesiinigwenan,<ChCnj><<webinige>>siinigwenan,GUESS,,,
VAI,Pcp/ChCnj,VAI_am,zaaga'am,zaaga',3PlObvHead,3PlObvSubj,NONE,Dub,Neg,zayaaga'anziinigwenan,<ChCnj><<zaaga'>>anziinigwenan,GUESS,,,
VAI,Pcp/ChCnj,VAI_VV,maajiibatoo,maajiibatoo,3PlObvHead,3PlObvSubj,NONE,Dub,Pos,mayaajiibatoonigwenan,<ChCnj><<maajiibatoo>>nigwenan,GUESS,,,
VAI,Pcp/ChCnj,VAI_VV,madaabii,madaabii,3PlObvHead,3PlObvSubj,NONE,Dub,Pos,medaabiinigwenan,<ChCnj><<madaabii>>nigwenan,GUESS,,,
VAI,Pcp/ChCnj,VAI_m,minongwaam,minongwaam,3PlObvHead,3PlObvSubj,NONE,Dub,Pos,menongwaaminigwenan,<ChCnj><<minongwaam>>inigwenan,GUESS,,,
VAI,Pcp/ChCnj,VAI_V,nagamo,nagamo,3PlObvHead,3PlObvSubj,NONE,Dub,Pos,negamonigwenan,<ChCnj><<nagamo>>nigwenan,GUESS,,,
VAI,Pcp/ChCnj,VAI_VV,nibaa,nibaa,3PlObvHead,3PlObvSubj,NONE,Dub,Pos,nebaanigwenan,<ChCnj><<nibaa>>nigwenan,GUESS,,,
VAI,Pcp/ChCnj,VAI_V,niimi,niimi,3PlObvHead,3PlObvSubj,NONE,Dub,Pos,naaminigwenan,<ChCnj><<niimi>>nigwenan,GUESS,,,
VAI,Pcp/ChCnj,VAI_n,wanishin,wanishin,3PlObvHead,3PlObvSubj,NONE,Dub,Pos,wenishininigwenan,<ChCnj><<wanishin>>inigwenan,GUESS,,,
VAI,Pcp/ChCnj,VAI_VV,webinige,webinige,3PlObvHead,3PlObvSubj,NONE,Dub,Pos,wayebinigenigwenan,<ChCnj><<webinige>>nigwenan,GUESS,,,
VAI,Pcp/ChCnj,VAI_am,zaaga'am,zaaga',3PlObvHead,3PlObvSubj,NONE,Dub,Pos,zayaaga'aminigwenan,<ChCnj><<zaaga'>>aminigwenan,GUESS,,,
VAI,Pcp/ChCnj,VAI_VV,maajiibatoo,maajiibatoo,3PlProxHead,3PlProxSubj,NONE,Dub,Neg,mayaajiibatoosiigwenag,<ChCnj><<maajiibatoo>>siigwenag,GUESS,,,
VAI,Pcp/ChCnj,VAI_VV,madaabii,madaabii,3PlProxHead,3PlProxSubj,NONE,Dub,Neg,medaabiisiigwenag,<ChCnj><<madaabii>>siigwenag,GUESS,,,
VAI,Pcp/ChCnj,VAI_m,minongwaam,minongwaam,3PlProxHead,3PlProxSubj,NONE,Dub,Neg,menongwaanziigwenag,<ChCnj><<minongwaan>>ziigwenag,GUESS,,,
VAI,Pcp/ChCnj,VAI_V,nagamo,nagamo,3PlProxHead,3PlProxSubj,NONE,Dub,Neg,negamosiigwenag,<ChCnj><<nagamo>>siigwenag,GUESS,,,
VAI,Pcp/ChCnj,VAI_VV,nibaa,nibaa,3PlProxHead,3PlProxSubj,NONE,Dub,Neg,nebaasiigwenag,<ChCnj><<nibaa>>siigwenag,GUESS,,,
VAI,Pcp/ChCnj,VAI_V,niimi,niimi,3PlProxHead,3PlProxSubj,NONE,Dub,Neg,naamisiigwenag,<ChCnj><<niimi>>siigwenag,GUESS,,,
VAI,Pcp/ChCnj,VAI_n,wanishin,wanishin,3PlProxHead,3PlProxSubj,NONE,Dub,Neg,wenishinziigwenag,<ChCnj><<wanishin>>ziigwenag,GUESS,,,
VAI,Pcp/ChCnj,VAI_VV,webinige,webinige,3PlProxHead,3PlProxSubj,NONE,Dub,Neg,wayebinigesiigwenag,<ChCnj><<webinige>>siigwenag,GUESS,,,
VAI,Pcp/ChCnj,VAI_am,zaaga'am,zaaga',3PlProxHead,3PlProxSubj,NONE,Dub,Neg,zayaaga'anziigwenag,<ChCnj><<zaaga'>>anziigwenag,GUESS,,,
VAI,Pcp/ChCnj,VAI_VV,maajiibatoo,maajiibatoo,3PlProxHead,3PlProxSubj,NONE,Dub,Pos,mayaajiibatoogwenag,<ChCnj><<maajiibatoo>>gwenag,GUESS,,,
VAI,Pcp/ChCnj,VAI_VV,madaabii,madaabii,3PlProxHead,3PlProxSubj,NONE,Dub,Pos,medaabiigwenag,<ChCnj><<madaabii>>gwenag,GUESS,,,
VAI,Pcp/ChCnj,VAI_m,minongwaam,minongwaam,3PlProxHead,3PlProxSubj,NONE,Dub,Pos,menongwaamogwenag,<ChCnj><<minongwaam>>ogwenag,GUESS,,,
VAI,Pcp/ChCnj,VAI_V,nagamo,nagamo,3PlProxHead,3PlProxSubj,NONE,Dub,Pos,negamogwenag,<ChCnj><<nagamo>>gwenag,GUESS,,,
VAI,Pcp/ChCnj,VAI_VV,nibaa,nibaa,3PlProxHead,3PlProxSubj,NONE,Dub,Pos,nebaagwenag,<ChCnj><<nibaa>>gwenag,GUESS,,,
VAI,Pcp/ChCnj,VAI_V,niimi,niimi,3PlProxHead,3PlProxSubj,NONE,Dub,Pos,naamigwenag,<ChCnj><<niimi>>gwenag,GUESS,,,
VAI,Pcp/ChCnj,VAI_n,wanishin,wanishin,3PlProxHead,3PlProxSubj,NONE,Dub,Pos,wenishinogwenag,<ChCnj><<wanishin>>ogwenag,GUESS,,,
VAI,Pcp/ChCnj,VAI_VV,webinige,webinige,3PlProxHead,3PlProxSubj,NONE,Dub,Pos,wayebinigegwenag,<ChCnj><<webinige>>gwenag,GUESS,,,
VAI,Pcp/ChCnj,VAI_am,zaaga'am,zaaga',3PlProxHead,3PlProxSubj,NONE,Dub,Pos,zayaaga'amogwenag,<ChCnj><<zaaga'>>amogwenag,GUESS,,,
VAI,Pcp/ChCnj,VAI_VV,maajiibatoo,maajiibatoo,3SgObvHead,3SgObvSubj,NONE,Dub,Neg,mayaajiibatoosiinigwenan,<ChCnj><<maajiibatoo>>siinigwenan,GUESS,,,
VAI,Pcp/ChCnj,VAI_VV,madaabii,madaabii,3SgObvHead,3SgObvSubj,NONE,Dub,Neg,medaabiisiinigwenan,<ChCnj><<madaabii>>siinigwenan,GUESS,,,
VAI,Pcp/ChCnj,VAI_m,minongwaam,minongwaam,3SgObvHead,3SgObvSubj,NONE,Dub,Neg,menongwaanziinigwenan,<ChCnj><<minongwaan>>ziinigwenan,GUESS,,,
VAI,Pcp/ChCnj,VAI_V,nagamo,nagamo,3SgObvHead,3SgObvSubj,NONE,Dub,Neg,negamosiinigwenan,<ChCnj><<nagamo>>siinigwenan,GUESS,,,
VAI,Pcp/ChCnj,VAI_VV,nibaa,nibaa,3SgObvHead,3SgObvSubj,NONE,Dub,Neg,nebaasiinigwenan,<ChCnj><<nibaa>>siinigwenan,GUESS,,,
VAI,Pcp/ChCnj,VAI_V,niimi,niimi,3SgObvHead,3SgObvSubj,NONE,Dub,Neg,naamisiinigwenan,<ChCnj><<niimi>>siinigwenan,GUESS,,,
VAI,Pcp/ChCnj,VAI_n,wanishin,wanishin,3SgObvHead,3SgObvSubj,NONE,Dub,Neg,wenishinziinigwenan,<ChCnj><<wanishin>>ziinigwenan,GUESS,,,
VAI,Pcp/ChCnj,VAI_VV,webinige,webinige,3SgObvHead,3SgObvSubj,NONE,Dub,Neg,wayebinigesiinigwenan,<ChCnj><<webinige>>siinigwenan,GUESS,,,
VAI,Pcp/ChCnj,VAI_am,zaaga'am,zaaga',3SgObvHead,3SgObvSubj,NONE,Dub,Neg,zayaaga'anziinigwenan,<ChCnj><<zaaga'>>anziinigwenan,GUESS,,,
VAI,Pcp/ChCnj,VAI_VV,maajiibatoo,maajiibatoo,3SgObvHead,3SgObvSubj,NONE,Dub,Pos,mayaajiibatoonigwenan,<ChCnj><<maajiibatoo>>nigwenan,GUESS,,,
VAI,Pcp/ChCnj,VAI_VV,madaabii,madaabii,3SgObvHead,3SgObvSubj,NONE,Dub,Pos,medaabiinigwenan,<ChCnj><<madaabii>>nigwenan,GUESS,,,
VAI,Pcp/ChCnj,VAI_m,minongwaam,minongwaam,3SgObvHead,3SgObvSubj,NONE,Dub,Pos,menongwaaminigwenan,<ChCnj><<minongwaam>>inigwenan,GUESS,,,
VAI,Pcp/ChCnj,VAI_V,nagamo,nagamo,3SgObvHead,3SgObvSubj,NONE,Dub,Pos,negamonigwenan,<ChCnj><<nagamo>>nigwenan,GUESS,,,
VAI,Pcp/ChCnj,VAI_VV,nibaa,nibaa,3SgObvHead,3SgObvSubj,NONE,Dub,Pos,nebaanigwenan,<ChCnj><<nibaa>>nigwenan,GUESS,,,
VAI,Pcp/ChCnj,VAI_V,niimi,niimi,3SgObvHead,3SgObvSubj,NONE,Dub,Pos,naaminigwenan,<ChCnj><<niimi>>nigwenan,GUESS,,,
VAI,Pcp/ChCnj,VAI_n,wanishin,wanishin,3SgObvHead,3SgObvSubj,NONE,Dub,Pos,wenishininigwenan,<ChCnj><<wanishin>>inigwenan,GUESS,,,
VAI,Pcp/ChCnj,VAI_VV,webinige,webinige,3SgObvHead,3SgObvSubj,NONE,Dub,Pos,wayebinigenigwenan,<ChCnj><<webinige>>nigwenan,GUESS,,,
VAI,Pcp/ChCnj,VAI_am,zaaga'am,zaaga',3SgObvHead,3SgObvSubj,NONE,Dub,Pos,zayaaga'aminigwenan,<ChCnj><<zaaga'>>aminigwenan,GUESS,,,
VAI,Pcp/ChCnj,VAI_VV,maajiibatoo,maajiibatoo,3SgProxHead,3SgProxSubj,NONE,Dub,Neg,mayaajiibatoosiigwen,<ChCnj><<maajiibatoo>>siigwen,GUESS,,,
VAI,Pcp/ChCnj,VAI_VV,madaabii,madaabii,3SgProxHead,3SgProxSubj,NONE,Dub,Neg,medaabiisiigwen,<ChCnj><<madaabii>>siigwen,GUESS,,,
VAI,Pcp/ChCnj,VAI_m,minongwaam,minongwaam,3SgProxHead,3SgProxSubj,NONE,Dub,Neg,menongwaanziigwen,<ChCnj><<minongwaan>>ziigwen,GUESS,,,
VAI,Pcp/ChCnj,VAI_V,nagamo,nagamo,3SgProxHead,3SgProxSubj,NONE,Dub,Neg,negamosiigwen,<ChCnj><<nagamo>>siigwen,GUESS,,,
VAI,Pcp/ChCnj,VAI_VV,nibaa,nibaa,3SgProxHead,3SgProxSubj,NONE,Dub,Neg,nebaasiigwen,<ChCnj><<nibaa>>siigwen,GUESS,,,
VAI,Pcp/ChCnj,VAI_V,niimi,niimi,3SgProxHead,3SgProxSubj,NONE,Dub,Neg,naamisiigwen,<ChCnj><<niimi>>siigwen,GUESS,,,
VAI,Pcp/ChCnj,VAI_n,wanishin,wanishin,3SgProxHead,3SgProxSubj,NONE,Dub,Neg,wenishinziigwen,<ChCnj><<wanishin>>ziigwen,GUESS,,,
VAI,Pcp/ChCnj,VAI_VV,webinige,webinige,3SgProxHead,3SgProxSubj,NONE,Dub,Neg,wayebinigesiigwen,<ChCnj><<webinige>>siigwen,GUESS,,,
VAI,Pcp/ChCnj,VAI_am,zaaga'am,zaaga',3SgProxHead,3SgProxSubj,NONE,Dub,Neg,zayaaga'anziigwen,<ChCnj><<zaaga'>>anziigwen,GUESS,,,
VAI,Pcp/ChCnj,VAI_VV,maajiibatoo,maajiibatoo,3SgProxHead,3SgProxSubj,NONE,Dub,Pos,mayaajiibatoogwen,<ChCnj><<maajiibatoo>>gwen,GUESS,,,
VAI,Pcp/ChCnj,VAI_VV,madaabii,madaabii,3SgProxHead,3SgProxSubj,NONE,Dub,Pos,medaabiigwen,<ChCnj><<madaabii>>gwen,GUESS,,,
VAI,Pcp/ChCnj,VAI_m,minongwaam,minongwaam,3SgProxHead,3SgProxSubj,NONE,Dub,Pos,menongwaamogwen,<ChCnj><<minongwaam>>ogwen,GUESS,,,
VAI,Pcp/ChCnj,VAI_V,nagamo,nagamo,3SgProxHead,3SgProxSubj,NONE,Dub,Pos,negamogwen,<ChCnj><<nagamo>>gwen,GUESS,,,
VAI,Pcp/ChCnj,VAI_VV,nibaa,nibaa,3SgProxHead,3SgProxSubj,NONE,Dub,Pos,nebaagwen,<ChCnj><<nibaa>>gwen,GUESS,,,
VAI,Pcp/ChCnj,VAI_V,niimi,niimi,3SgProxHead,3SgProxSubj,NONE,Dub,Pos,naamigwen,<ChCnj><<niimi>>gwen,GUESS,,,
VAI,Pcp/ChCnj,VAI_n,wanishin,wanishin,3SgProxHead,3SgProxSubj,NONE,Dub,Pos,wenishinogwen,<ChCnj><<wanishin>>ogwen,GUESS,,,
VAI,Pcp/ChCnj,VAI_VV,webinige,webinige,3SgProxHead,3SgProxSubj,NONE,Dub,Pos,wayebinigegwen,<ChCnj><<webinige>>gwen,GUESS,,,
VAI,Pcp/ChCnj,VAI_am,zaaga'am,zaaga',3SgProxHead,3SgProxSubj,NONE,Dub,Pos,zayaaga'amogwen,<ChCnj><<zaaga'>>amogwen,GUESS,,,
VAI,Pcp/ChCnj,VAI_VV,maajiibatoo,maajiibatoo,3PlObvHead,3PlObvSubj,NONE,DubPrt,Neg,mayaajiibatoosiinigobanenan,<ChCnj><<maajiibatoo>>siinigobanenan,GUESS,,,
VAI,Pcp/ChCnj,VAI_VV,madaabii,madaabii,3PlObvHead,3PlObvSubj,NONE,DubPrt,Neg,medaabiisiinigobanenan,<ChCnj><<madaabii>>siinigobanenan,GUESS,,,
VAI,Pcp/ChCnj,VAI_m,minongwaam,minongwaam,3PlObvHead,3PlObvSubj,NONE,DubPrt,Neg,menongwaanziinigobanenan,<ChCnj><<minongwaan>>ziinigobanenan,GUESS,,,
VAI,Pcp/ChCnj,VAI_V,nagamo,nagamo,3PlObvHead,3PlObvSubj,NONE,DubPrt,Neg,negamosiinigobanenan,<ChCnj><<nagamo>>siinigobanenan,GUESS,,,
VAI,Pcp/ChCnj,VAI_VV,nibaa,nibaa,3PlObvHead,3PlObvSubj,NONE,DubPrt,Neg,nebaasiinigobanenan,<ChCnj><<nibaa>>siinigobanenan,GUESS,,,
VAI,Pcp/ChCnj,VAI_V,niimi,niimi,3PlObvHead,3PlObvSubj,NONE,DubPrt,Neg,naamisiinigobanenan,<ChCnj><<niimi>>siinigobanenan,GUESS,,,
VAI,Pcp/ChCnj,VAI_n,wanishin,wanishin,3PlObvHead,3PlObvSubj,NONE,DubPrt,Neg,wenishinziinigobanenan,<ChCnj><<wanishin>>ziinigobanenan,GUESS,,,
VAI,Pcp/ChCnj,VAI_VV,webinige,webinige,3PlObvHead,3PlObvSubj,NONE,DubPrt,Neg,wayebinigesiinigobanenan,<ChCnj><<webinige>>siinigobanenan,GUESS,,,
VAI,Pcp/ChCnj,VAI_am,zaaga'am,zaaga',3PlObvHead,3PlObvSubj,NONE,DubPrt,Neg,zayaaga'aminigobanenan,<ChCnj><<zaaga'>>aminigobanenan,GUESS,,,
VAI,Pcp/ChCnj,VAI_VV,maajiibatoo,maajiibatoo,3PlObvHead,3PlObvSubj,NONE,DubPrt,Pos,mayaajiibatoonigobanenan,<ChCnj><<maajiibatoo>>nigobanenan,GUESS,,,
VAI,Pcp/ChCnj,VAI_VV,madaabii,madaabii,3PlObvHead,3PlObvSubj,NONE,DubPrt,Pos,medaabiinigobanenan,<ChCnj><<madaabii>>nigobanenan,GUESS,,,
VAI,Pcp/ChCnj,VAI_m,minongwaam,minongwaam,3PlObvHead,3PlObvSubj,NONE,DubPrt,Pos,menongwaaminigobanenan,<ChCnj><<minongwaam>>inigobanenan,GUESS,,,
VAI,Pcp/ChCnj,VAI_V,nagamo,nagamo,3PlObvHead,3PlObvSubj,NONE,DubPrt,Pos,negamonigobanenan,<ChCnj><<nagamo>>nigobanenan,GUESS,,,
VAI,Pcp/ChCnj,VAI_VV,nibaa,nibaa,3PlObvHead,3PlObvSubj,NONE,DubPrt,Pos,nebaanigobanenan,<ChCnj><<nibaa>>nigobanenan,GUESS,,,
VAI,Pcp/ChCnj,VAI_V,niimi,niimi,3PlObvHead,3PlObvSubj,NONE,DubPrt,Pos,naaminigobanenan,<ChCnj><<niimi>>nigobanenan,GUESS,,,
VAI,Pcp/ChCnj,VAI_n,wanishin,wanishin,3PlObvHead,3PlObvSubj,NONE,DubPrt,Pos,wenishininigobanenan,<ChCnj><<wanishin>>inigobanenan,GUESS,,,
VAI,Pcp/ChCnj,VAI_VV,webinige,webinige,3PlObvHead,3PlObvSubj,NONE,DubPrt,Pos,wayebinigenigobanenan,<ChCnj><<webinige>>nigobanenan,GUESS,,,
VAI,Pcp/ChCnj,VAI_am,zaaga'am,zaaga',3PlObvHead,3PlObvSubj,NONE,DubPrt,Pos,zayaaga'aminigobanenan,<ChCnj><<zaaga'>>aminigobanenan,GUESS,,,
VAI,Pcp/ChCnj,VAI_VV,maajiibatoo,maajiibatoo,3PlProxHead,3PlProxSubj,NONE,DubPrt,Neg,mayaajiibatoosiigobanenag,<ChCnj><<maajiibatoo>>siigobanenag,GUESS,,,
VAI,Pcp/ChCnj,VAI_VV,madaabii,madaabii,3PlProxHead,3PlProxSubj,NONE,DubPrt,Neg,medaabiisiigobanenag,<ChCnj><<madaabii>>siigobanenag,GUESS,,,
VAI,Pcp/ChCnj,VAI_m,minongwaam,minongwaam,3PlProxHead,3PlProxSubj,NONE,DubPrt,Neg,menongwaanziigobanenag,<ChCnj><<minongwaan>>ziigobanenag,GUESS,,,
VAI,Pcp/ChCnj,VAI_V,nagamo,nagamo,3PlProxHead,3PlProxSubj,NONE,DubPrt,Neg,negamosiigobanenag,<ChCnj><<nagamo>>siigobanenag,GUESS,,,
VAI,Pcp/ChCnj,VAI_VV,nibaa,nibaa,3PlProxHead,3PlProxSubj,NONE,DubPrt,Neg,nebaasiigobanenag,<ChCnj><<nibaa>>siigobanenag,GUESS,,,
VAI,Pcp/ChCnj,VAI_V,niimi,niimi,3PlProxHead,3PlProxSubj,NONE,DubPrt,Neg,naamisiigobanenag,<ChCnj><<niimi>>siigobanenag,GUESS,,,
VAI,Pcp/ChCnj,VAI_n,wanishin,wanishin,3PlProxHead,3PlProxSubj,NONE,DubPrt,Neg,wenishinziigobanenag,<ChCnj><<wanishin>>ziigobanenag,GUESS,,,
VAI,Pcp/ChCnj,VAI_VV,webinige,webinige,3PlProxHead,3PlProxSubj,NONE,DubPrt,Neg,wayebinigesiigobanenag,<ChCnj><<webinige>>siigobanenag,GUESS,,,
VAI,Pcp/ChCnj,VAI_am,zaaga'am,zaaga',3PlProxHead,3PlProxSubj,NONE,DubPrt,Neg,zayaaga'amogobanenag,<ChCnj><<zaaga'>>amogobanenag,GUESS,,,
VAI,Pcp/ChCnj,VAI_VV,maajiibatoo,maajiibatoo,3PlProxHead,3PlProxSubj,NONE,DubPrt,Pos,mayaajiibatoogobanenag,<ChCnj><<maajiibatoo>>gobanenag,GUESS,,,
VAI,Pcp/ChCnj,VAI_VV,madaabii,madaabii,3PlProxHead,3PlProxSubj,NONE,DubPrt,Pos,medaabiigobanenag,<ChCnj><<madaabii>>gobanenag,GUESS,,,
VAI,Pcp/ChCnj,VAI_m,minongwaam,minongwaam,3PlProxHead,3PlProxSubj,NONE,DubPrt,Pos,menongwaamogobanenag,<ChCnj><<minongwaam>>ogobanenag,GUESS,,,
VAI,Pcp/ChCnj,VAI_V,nagamo,nagamo,3PlProxHead,3PlProxSubj,NONE,DubPrt,Pos,negamogobanenag,<ChCnj><<nagamo>>gobanenag,GUESS,,,
VAI,Pcp/ChCnj,VAI_VV,nibaa,nibaa,3PlProxHead,3PlProxSubj,NONE,DubPrt,Pos,nebaagobanenag,<ChCnj><<nibaa>>gobanenag,GUESS,,,
VAI,Pcp/ChCnj,VAI_V,niimi,niimi,3PlProxHead,3PlProxSubj,NONE,DubPrt,Pos,naamigobanenag,<ChCnj><<niimi>>gobanenag,GUESS,,,
VAI,Pcp/ChCnj,VAI_n,wanishin,wanishin,3PlProxHead,3PlProxSubj,NONE,DubPrt,Pos,wenishinogobanenag,<ChCnj><<wanishin>>ogobanenag,GUESS,,,
VAI,Pcp/ChCnj,VAI_VV,webinige,webinige,3PlProxHead,3PlProxSubj,NONE,DubPrt,Pos,wayebinigegobanenag,<ChCnj><<webinige>>gobanenag,GUESS,,,
VAI,Pcp/ChCnj,VAI_am,zaaga'am,zaaga',3PlProxHead,3PlProxSubj,NONE,DubPrt,Pos,zayaaga'amogobanenag,<ChCnj><<zaaga'>>amogobanenag,GUESS,,,
VAI,Pcp/ChCnj,VAI_VV,maajiibatoo,maajiibatoo,3SgObvHead,3SgObvSubj,NONE,DubPrt,Neg,mayaajiibatoosiinigobanenan,<ChCnj><<maajiibatoo>>siinigobanenan,GUESS,,,
VAI,Pcp/ChCnj,VAI_VV,madaabii,madaabii,3SgObvHead,3SgObvSubj,NONE,DubPrt,Neg,medaabiisiinigobanenan,<ChCnj><<madaabii>>siinigobanenan,GUESS,,,
VAI,Pcp/ChCnj,VAI_m,minongwaam,minongwaam,3SgObvHead,3SgObvSubj,NONE,DubPrt,Neg,menongwaanziinigobanenan,<ChCnj><<minongwaan>>ziinigobanenan,GUESS,,,
VAI,Pcp/ChCnj,VAI_V,nagamo,nagamo,3SgObvHead,3SgObvSubj,NONE,DubPrt,Neg,negamosiinigobanenan,<ChCnj><<nagamo>>siinigobanenan,GUESS,,,
VAI,Pcp/ChCnj,VAI_VV,nibaa,nibaa,3SgObvHead,3SgObvSubj,NONE,DubPrt,Neg,nebaasiinigobanenan,<ChCnj><<nibaa>>siinigobanenan,GUESS,,,
VAI,Pcp/ChCnj,VAI_V,niimi,niimi,3SgObvHead,3SgObvSubj,NONE,DubPrt,Neg,naamisiinigobanenan,<ChCnj><<niimi>>siinigobanenan,GUESS,,,
VAI,Pcp/ChCnj,VAI_n,wanishin,wanishin,3SgObvHead,3SgObvSubj,NONE,DubPrt,Neg,wenishinziinigobanenan,<ChCnj><<wanishin>>ziinigobanenan,GUESS,,,
VAI,Pcp/ChCnj,VAI_VV,webinige,webinige,3SgObvHead,3SgObvSubj,NONE,DubPrt,Neg,wayebinigesiinigobanenan,<ChCnj><<webinige>>siinigobanenan,GUESS,,,
VAI,Pcp/ChCnj,VAI_am,zaaga'am,zaaga',3SgObvHead,3SgObvSubj,NONE,DubPrt,Neg,zayaaga'aminigobanenan,<ChCnj><<zaaga'>>aminigobanenan,GUESS,,,
VAI,Pcp/ChCnj,VAI_VV,maajiibatoo,maajiibatoo,3SgObvHead,3SgObvSubj,NONE,DubPrt,Pos,mayaajiibatoonigobanenan,<ChCnj><<maajiibatoo>>nigobanenan,GUESS,,,
VAI,Pcp/ChCnj,VAI_VV,madaabii,madaabii,3SgObvHead,3SgObvSubj,NONE,DubPrt,Pos,medaabiinigobanenan,<ChCnj><<madaabii>>nigobanenan,GUESS,,,
VAI,Pcp/ChCnj,VAI_m,minongwaam,minongwaam,3SgObvHead,3SgObvSubj,NONE,DubPrt,Pos,menongwaaminigobanenan,<ChCnj><<minongwaam>>inigobanenan,GUESS,,,
VAI,Pcp/ChCnj,VAI_V,nagamo,nagamo,3SgObvHead,3SgObvSubj,NONE,DubPrt,Pos,negamonigobanenan,<ChCnj><<nagamo>>nigobanenan,GUESS,,,
VAI,Pcp/ChCnj,VAI_VV,nibaa,nibaa,3SgObvHead,3SgObvSubj,NONE,DubPrt,Pos,nebaanigobanenan,<ChCnj><<nibaa>>nigobanenan,GUESS,,,
VAI,Pcp/ChCnj,VAI_V,niimi,niimi,3SgObvHead,3SgObvSubj,NONE,DubPrt,Pos,naaminigobanenan,<ChCnj><<niimi>>nigobanenan,GUESS,,,
VAI,Pcp/ChCnj,VAI_n,wanishin,wanishin,3SgObvHead,3SgObvSubj,NONE,DubPrt,Pos,wenishininigobanenan,<ChCnj><<wanishin>>inigobanenan,GUESS,,,
VAI,Pcp/ChCnj,VAI_VV,webinige,webinige,3SgObvHead,3SgObvSubj,NONE,DubPrt,Pos,wayebinigenigobanenan,<ChCnj><<webinige>>nigobanenan,GUESS,,,
VAI,Pcp/ChCnj,VAI_am,zaaga'am,zaaga',3SgObvHead,3SgObvSubj,NONE,DubPrt,Pos,zayaaga'aminigobanenan,<ChCnj><<zaaga'>>aminigobanenan,GUESS,,,
VAI,Pcp/ChCnj,VAI_VV,maajiibatoo,maajiibatoo,3SgProxHead,3SgProxSubj,NONE,DubPrt,Neg,mayaajiibatoosiigobanen,<ChCnj><<maajiibatoo>>siigobanen,GUESS,,,
VAI,Pcp/ChCnj,VAI_VV,madaabii,madaabii,3SgProxHead,3SgProxSubj,NONE,DubPrt,Neg,medaabiisiigobanen,<ChCnj><<madaabii>>siigobanen,GUESS,,,
VAI,Pcp/ChCnj,VAI_m,minongwaam,minongwaam,3SgProxHead,3SgProxSubj,NONE,DubPrt,Neg,menongwaanziigobanen,<ChCnj><<minongwaan>>ziigobanen,GUESS,,,
VAI,Pcp/ChCnj,VAI_V,nagamo,nagamo,3SgProxHead,3SgProxSubj,NONE,DubPrt,Neg,negamosiigobanen,<ChCnj><<nagamo>>siigobanen,GUESS,,,
VAI,Pcp/ChCnj,VAI_VV,nibaa,nibaa,3SgProxHead,3SgProxSubj,NONE,DubPrt,Neg,nebaasiigobanen,<ChCnj><<nibaa>>siigobanen,GUESS,,,
VAI,Pcp/ChCnj,VAI_V,niimi,niimi,3SgProxHead,3SgProxSubj,NONE,DubPrt,Neg,naamisiigobanen,<ChCnj><<niimi>>siigobanen,GUESS,,,
VAI,Pcp/ChCnj,VAI_n,wanishin,wanishin,3SgProxHead,3SgProxSubj,NONE,DubPrt,Neg,wenishinziigobanen,<ChCnj><<wanishin>>ziigobanen,GUESS,,,
VAI,Pcp/ChCnj,VAI_VV,webinige,webinige,3SgProxHead,3SgProxSubj,NONE,DubPrt,Neg,wayebinigesiigobanen,<ChCnj><<webinige>>siigobanen,GUESS,,,
VAI,Pcp/ChCnj,VAI_am,zaaga'am,zaaga',3SgProxHead,3SgProxSubj,NONE,DubPrt,Neg,zayaaga'amogobanen,<ChCnj><<zaaga'>>amogobanen,GUESS,,,
VAI,Pcp/ChCnj,VAI_VV,maajiibatoo,maajiibatoo,3SgProxHead,3SgProxSubj,NONE,DubPrt,Pos,mayaajiibatoogobanen,<ChCnj><<maajiibatoo>>gobanen,GUESS,,,
VAI,Pcp/ChCnj,VAI_VV,madaabii,madaabii,3SgProxHead,3SgProxSubj,NONE,DubPrt,Pos,medaabiigobanen,<ChCnj><<madaabii>>gobanen,GUESS,,,
VAI,Pcp/ChCnj,VAI_m,minongwaam,minongwaam,3SgProxHead,3SgProxSubj,NONE,DubPrt,Pos,menongwaamogobanen,<ChCnj><<minongwaam>>ogobanen,GUESS,,,
VAI,Pcp/ChCnj,VAI_V,nagamo,nagamo,3SgProxHead,3SgProxSubj,NONE,DubPrt,Pos,negamogobanen,<ChCnj><<nagamo>>gobanen,GUESS,,,
VAI,Pcp/ChCnj,VAI_VV,nibaa,nibaa,3SgProxHead,3SgProxSubj,NONE,DubPrt,Pos,nebaagobanen,<ChCnj><<nibaa>>gobanen,GUESS,,,
VAI,Pcp/ChCnj,VAI_V,niimi,niimi,3SgProxHead,3SgProxSubj,NONE,DubPrt,Pos,naamigobanen,<ChCnj><<niimi>>gobanen,GUESS,,,
VAI,Pcp/ChCnj,VAI_n,wanishin,wanishin,3SgProxHead,3SgProxSubj,NONE,DubPrt,Pos,wenishinogobanen,<ChCnj><<wanishin>>ogobanen,GUESS,,,
VAI,Pcp/ChCnj,VAI_VV,webinige,webinige,3SgProxHead,3SgProxSubj,NONE,DubPrt,Pos,wayebinigegobanen,<ChCnj><<webinige>>gobanen,GUESS,,,
VAI,Pcp/ChCnj,VAI_am,zaaga'am,zaaga',3SgProxHead,3SgProxSubj,NONE,DubPrt,Pos,zayaaga'amogobanen,<ChCnj><<zaaga'>>amogobanen,GUESS,,,
VAI,Pcp/ChCnj,VAI_VV,maajiibatoo,maajiibatoo,3PlObvHead,3PlObvSubj,NONE,Neu,Neg,mayaajiibatoosinijin,<ChCnj><<maajiibatoo>>sinijin,GUESS,,,
VAI,Pcp/ChCnj,VAI_VV,madaabii,madaabii,3PlObvHead,3PlObvSubj,NONE,Neu,Neg,medaabiisinijin,<ChCnj><<madaabii>>sinijin,GUESS,,,
VAI,Pcp/ChCnj,VAI_m,minongwaam,minongwaam,3PlObvHead,3PlObvSubj,NONE,Neu,Neg,menongwaanzinijin,<ChCnj><<minongwaan>>zinijin,GUESS,,,
VAI,Pcp/ChCnj,VAI_V,nagamo,nagamo,3PlObvHead,3PlObvSubj,NONE,Neu,Neg,negamosinijin,<ChCnj><<nagamo>>sinijin,GUESS,,,
VAI,Pcp/ChCnj,VAI_VV,nibaa,nibaa,3PlObvHead,3PlObvSubj,NONE,Neu,Neg,nebaasinijin,<ChCnj><<nibaa>>sinijin,GUESS,,,
VAI,Pcp/ChCnj,VAI_V,niimi,niimi,3PlObvHead,3PlObvSubj,NONE,Neu,Neg,naamisinijin,<ChCnj><<niimi>>sinijin,GUESS,,,
VAI,Pcp/ChCnj,VAI_n,wanishin,wanishin,3PlObvHead,3PlObvSubj,NONE,Neu,Neg,wenishinzinijin,<ChCnj><<wanishin>>zinijin,GUESS,,,
VAI,Pcp/ChCnj,VAI_VV,webinige,webinige,3PlObvHead,3PlObvSubj,NONE,Neu,Neg,wayebinigesinijin,<ChCnj><<webinige>>sinijin,GUESS,,,
VAI,Pcp/ChCnj,VAI_am,zaaga'am,zaaga',3PlObvHead,3PlObvSubj,NONE,Neu,Neg,zayaaga'anzinijin,<ChCnj><<zaaga'>>anzinijin,GUESS,,,
VAI,Pcp/ChCnj,VAI_VV,maajiibatoo,maajiibatoo,3PlObvHead,3PlObvSubj,NONE,Neu,Pos,mayaajiibatoonijin,<ChCnj><<maajiibatoo>>nijin,GUESS,,,
VAI,Pcp/ChCnj,VAI_VV,madaabii,madaabii,3PlObvHead,3PlObvSubj,NONE,Neu,Pos,medaabiinijin,<ChCnj><<madaabii>>nijin,GUESS,,,
VAI,Pcp/ChCnj,VAI_m,minongwaam,minongwaam,3PlObvHead,3PlObvSubj,NONE,Neu,Pos,menongwaaminijin,<ChCnj><<minongwaam>>inijin,GUESS,,,
VAI,Pcp/ChCnj,VAI_V,nagamo,nagamo,3PlObvHead,3PlObvSubj,NONE,Neu,Pos,negamonijin,<ChCnj><<nagamo>>nijin,GUESS,,,
VAI,Pcp/ChCnj,VAI_VV,nibaa,nibaa,3PlObvHead,3PlObvSubj,NONE,Neu,Pos,nebaanijin,<ChCnj><<nibaa>>nijin,GUESS,,,
VAI,Pcp/ChCnj,VAI_V,niimi,niimi,3PlObvHead,3PlObvSubj,NONE,Neu,Pos,naaminijin,<ChCnj><<niimi>>nijin,GUESS,,,
VAI,Pcp/ChCnj,VAI_n,wanishin,wanishin,3PlObvHead,3PlObvSubj,NONE,Neu,Pos,wenishininijin,<ChCnj><<wanishin>>inijin,GUESS,,,
VAI,Pcp/ChCnj,VAI_VV,webinige,webinige,3PlObvHead,3PlObvSubj,NONE,Neu,Pos,wayebinigenijin,<ChCnj><<webinige>>nijin,GUESS,,,
VAI,Pcp/ChCnj,VAI_am,zaaga'am,zaaga',3PlObvHead,3PlObvSubj,NONE,Neu,Pos,zayaaga'aminijin,<ChCnj><<zaaga'>>aminijin,GUESS,,,
VAI,Pcp/ChCnj,VAI_VV,maajiibatoo,maajiibatoo,3PlProxHead,3PlProxSubj,NONE,Neu,Neg,mayaajiibatoosigog,<ChCnj><<maajiibatoo>>sigog,GUESS,,,
VAI,Pcp/ChCnj,VAI_VV,madaabii,madaabii,3PlProxHead,3PlProxSubj,NONE,Neu,Neg,medaabiisigog,<ChCnj><<madaabii>>sigog,GUESS,,,
VAI,Pcp/ChCnj,VAI_m,minongwaam,minongwaam,3PlProxHead,3PlProxSubj,NONE,Neu,Neg,menongwaanzigog,<ChCnj><<minongwaam>>zigog,GUESS,,,
VAI,Pcp/ChCnj,VAI_V,nagamo,nagamo,3PlProxHead,3PlProxSubj,NONE,Neu,Neg,negamosigog,<ChCnj><<nagamo>>sigog,GUESS,,,
VAI,Pcp/ChCnj,VAI_VV,nibaa,nibaa,3PlProxHead,3PlProxSubj,NONE,Neu,Neg,nebaasigog,<ChCnj><<nibaa>>sigog,GUESS,,,
VAI,Pcp/ChCnj,VAI_V,niimi,niimi,3PlProxHead,3PlProxSubj,NONE,Neu,Neg,naamisigog,<ChCnj><<niimi>>sigog,GUESS,,,
VAI,Pcp/ChCnj,VAI_n,wanishin,wanishin,3PlProxHead,3PlProxSubj,NONE,Neu,Neg,wenishinzigog,<ChCnj><<wanishin>>zigog,GUESS,,,
VAI,Pcp/ChCnj,VAI_VV,webinige,webinige,3PlProxHead,3PlProxSubj,NONE,Neu,Neg,wayebinigesigog,<ChCnj><<webinige>>sigog,GUESS,,,
VAI,Pcp/ChCnj,VAI_am,zaaga'am,zaaga',3PlProxHead,3PlProxSubj,NONE,Neu,Neg,zayaaga'anzigog,<ChCnj><<zaaga'>>anzigog,GUESS,,,
VAI,Pcp/ChCnj,VAI_VV,maajiibatoo,maajiibatoo,3PlProxHead,3PlProxSubj,NONE,Neu,Pos,mayaajiibatoojig,<ChCnj><<maajiibatoo>>jig,GUESS,,,
VAI,Pcp/ChCnj,VAI_VV,madaabii,madaabii,3PlProxHead,3PlProxSubj,NONE,Neu,Pos,medaabiijig,<ChCnj><<madaabii>>jig,GUESS,,,
VAI,Pcp/ChCnj,VAI_m,minongwaam,minongwaam,3PlProxHead,3PlProxSubj,NONE,Neu,Pos,menongwaangig,<ChCnj><<minongwaan>>gig,GUESS,,,
VAI,Pcp/ChCnj,VAI_V,nagamo,nagamo,3PlProxHead,3PlProxSubj,NONE,Neu,Pos,negamojig,<ChCnj><<nagamo>>jig,GUESS,,,
VAI,Pcp/ChCnj,VAI_VV,nibaa,nibaa,3PlProxHead,3PlProxSubj,NONE,Neu,Pos,nebaajig,<ChCnj><<nibaa>>jig,GUESS,,,
VAI,Pcp/ChCnj,VAI_V,niimi,niimi,3PlProxHead,3PlProxSubj,NONE,Neu,Pos,naamijig,<ChCnj><<niimi>>jig,GUESS,,,
VAI,Pcp/ChCnj,VAI_n,wanishin,wanishin,3PlProxHead,3PlProxSubj,NONE,Neu,Pos,wenishingig,<ChCnj><<wanishin>>gig,GUESS,,,
VAI,Pcp/ChCnj,VAI_VV,webinige,webinige,3PlProxHead,3PlProxSubj,NONE,Neu,Pos,wayebinigejig,<ChCnj><<webinige>>jig,GUESS,,,
VAI,Pcp/ChCnj,VAI_am,zaaga'am,zaaga',3PlProxHead,3PlProxSubj,NONE,Neu,Pos,zayaaga'ang,<ChCnj><<zaaga'>>ang,GUESS,,,
VAI,Pcp/ChCnj,VAI_VV,maajiibatoo,maajiibatoo,3SgObvHead,3SgObvSubj,NONE,Neu,Neg,mayaajiibatoosinin,<ChCnj><<maajiibatoo>>sinin,GUESS,,,
VAI,Pcp/ChCnj,VAI_VV,madaabii,madaabii,3SgObvHead,3SgObvSubj,NONE,Neu,Neg,medaabiisinin,<ChCnj><<madaabii>>sinin,GUESS,,,
VAI,Pcp/ChCnj,VAI_m,minongwaam,minongwaam,3SgObvHead,3SgObvSubj,NONE,Neu,Neg,menongwaanzinin,<ChCnj><<minongwaan>>zinin,GUESS,,,
VAI,Pcp/ChCnj,VAI_V,nagamo,nagamo,3SgObvHead,3SgObvSubj,NONE,Neu,Neg,negamosinin,<ChCnj><<nagamo>>sinin,GUESS,,,
VAI,Pcp/ChCnj,VAI_VV,nibaa,nibaa,3SgObvHead,3SgObvSubj,NONE,Neu,Neg,nebaasinin,<ChCnj><<nibaa>>sinin,GUESS,,,
VAI,Pcp/ChCnj,VAI_V,niimi,niimi,3SgObvHead,3SgObvSubj,NONE,Neu,Neg,naamisinin,<ChCnj><<niimi>>sinin,GUESS,,,
VAI,Pcp/ChCnj,VAI_n,wanishin,wanishin,3SgObvHead,3SgObvSubj,NONE,Neu,Neg,wenishinzinin,<ChCnj><<wanishin>>zinin,GUESS,,,
VAI,Pcp/ChCnj,VAI_VV,webinige,webinige,3SgObvHead,3SgObvSubj,NONE,Neu,Neg,wayebinigesinin,<ChCnj><<webinige>>sinin,GUESS,,,
VAI,Pcp/ChCnj,VAI_am,zaaga'am,zaaga',3SgObvHead,3SgObvSubj,NONE,Neu,Neg,zayaaga'anzinin,<ChCnj><<zaaga'>>anzinin,GUESS,,,
VAI,Pcp/ChCnj,VAI_VV,maajiibatoo,maajiibatoo,3SgObvHead,3SgObvSubj,NONE,Neu,Pos,mayaajiibatoonijin,<ChCnj><<maajiibatoo>>nijin,GUESS,,,
VAI,Pcp/ChCnj,VAI_VV,madaabii,madaabii,3SgObvHead,3SgObvSubj,NONE,Neu,Pos,medaabiinijin,<ChCnj><<madaabii>>nijin,GUESS,,,
VAI,Pcp/ChCnj,VAI_m,minongwaam,minongwaam,3SgObvHead,3SgObvSubj,NONE,Neu,Pos,menongwaaminijin,<ChCnj><<minongwaam>>inijin,GUESS,,,
VAI,Pcp/ChCnj,VAI_V,nagamo,nagamo,3SgObvHead,3SgObvSubj,NONE,Neu,Pos,negamonijin,<ChCnj><<nagamo>>nijin,GUESS,,,
VAI,Pcp/ChCnj,VAI_VV,nibaa,nibaa,3SgObvHead,3SgObvSubj,NONE,Neu,Pos,nebaanijin,<ChCnj><<nibaa>>nijin,GUESS,,,
VAI,Pcp/ChCnj,VAI_V,niimi,niimi,3SgObvHead,3SgObvSubj,NONE,Neu,Pos,naaminijin,<ChCnj><<niimi>>nijin,GUESS,,,
VAI,Pcp/ChCnj,VAI_n,wanishin,wanishin,3SgObvHead,3SgObvSubj,NONE,Neu,Pos,wenishininijin,<ChCnj><<wanishin>>inijin,GUESS,,,
VAI,Pcp/ChCnj,VAI_VV,webinige,webinige,3SgObvHead,3SgObvSubj,NONE,Neu,Pos,wayebinigenijin,<ChCnj><<webinige>>nijin,GUESS,,,
VAI,Pcp/ChCnj,VAI_am,zaaga'am,zaaga',3SgObvHead,3SgObvSubj,NONE,Neu,Pos,zayaaga'aminijin,<ChCnj><<zaaga'>>aminijin,GUESS,,,
VAI,Pcp/ChCnj,VAI_VV,maajiibatoo,maajiibatoo,3SgProxHead,3SgProxSubj,NONE,Neu,Neg,mayaajiibatoosig,<ChCnj><<maajiibatoo>>sig,GUESS,,,
VAI,Pcp/ChCnj,VAI_VV,madaabii,madaabii,3SgProxHead,3SgProxSubj,NONE,Neu,Neg,medaabiisig,<ChCnj><<madaabii>>sig,GUESS,,,
VAI,Pcp/ChCnj,VAI_m,minongwaam,minongwaam,3SgProxHead,3SgProxSubj,NONE,Neu,Neg,menongwaanzig,<ChCnj><<minongwaan>>zig,GUESS,,,
VAI,Pcp/ChCnj,VAI_V,nagamo,nagamo,3SgProxHead,3SgProxSubj,NONE,Neu,Neg,negamosig,<ChCnj><<nagamo>>sig,GUESS,,,
VAI,Pcp/ChCnj,VAI_VV,nibaa,nibaa,3SgProxHead,3SgProxSubj,NONE,Neu,Neg,nebaasig,<ChCnj><<nibaa>>sig,GUESS,,,
VAI,Pcp/ChCnj,VAI_V,niimi,niimi,3SgProxHead,3SgProxSubj,NONE,Neu,Neg,naamisig,<ChCnj><<niimi>>sig,GUESS,,,
VAI,Pcp/ChCnj,VAI_n,wanishin,wanishin,3SgProxHead,3SgProxSubj,NONE,Neu,Neg,wenishinzig,<ChCnj><<wanishin>>zig,GUESS,,,
VAI,Pcp/ChCnj,VAI_VV,webinige,webinige,3SgProxHead,3SgProxSubj,NONE,Neu,Neg,wayebinigesig,<ChCnj><<webinige>>sig,GUESS,,,
VAI,Pcp/ChCnj,VAI_am,zaaga'am,zaaga',3SgProxHead,3SgProxSubj,NONE,Neu,Neg,zayaaga'anzig,<ChCnj><<zaaga'>>anzig,GUESS,,,
VAI,Pcp/ChCnj,VAI_VV,maajiibatoo,maajiibatoo,3SgProxHead,3SgProxSubj,NONE,Neu,Pos,mayaajiibatood,<ChCnj><<maajiibatoo>>d,GUESS,,,
VAI,Pcp/ChCnj,VAI_VV,madaabii,madaabii,3SgProxHead,3SgProxSubj,NONE,Neu,Pos,medaabiid,<ChCnj><<madaabii>>d,GUESS,,,
VAI,Pcp/ChCnj,VAI_m,minongwaam,minongwaam,3SgProxHead,3SgProxSubj,NONE,Neu,Pos,menongwaang,<ChCnj><<minongwaan>>g,GUESS,,,
VAI,Pcp/ChCnj,VAI_V,nagamo,nagamo,3SgProxHead,3SgProxSubj,NONE,Neu,Pos,negamod,<ChCnj><<nagamo>>d,GUESS,,,
VAI,Pcp/ChCnj,VAI_VV,nibaa,nibaa,3SgProxHead,3SgProxSubj,NONE,Neu,Pos,nebaad,<ChCnj><<nibaa>>d,GUESS,,,
VAI,Pcp/ChCnj,VAI_V,niimi,niimi,3SgProxHead,3SgProxSubj,NONE,Neu,Pos,naamid,<ChCnj><<niimi>>d,GUESS,,,
VAI,Pcp/ChCnj,VAI_n,wanishin,wanishin,3SgProxHead,3SgProxSubj,NONE,Neu,Pos,wenishing,<ChCnj><<wanishin>>g,GUESS,,,
VAI,Pcp/ChCnj,VAI_VV,webinige,webinige,3SgProxHead,3SgProxSubj,NONE,Neu,Pos,wayebiniged,<ChCnj><<webinige>>d,GUESS,,,
VAI,Pcp/ChCnj,VAI_am,zaaga'am,zaaga',3SgProxHead,3SgProxSubj,NONE,Neu,Pos,zayaaga'ang,<ChCnj><<zaaga'>>ang,GUESS,,,
VAI,Pcp/ChCnj,VAI_VV,maajiibatoo,maajiibatoo,3PlObvHead,3PlObvSubj,NONE,Prt,Neg,mayaajiibatoosinigobaniin,<ChCnj><<maajiibatoo>>sinigobaniin,GUESS,mayaajiibatoosinigobanen,<ChCnj><<maajiibatoo>>sinigobanen,GUESS
VAI,Pcp/ChCnj,VAI_VV,madaabii,madaabii,3PlObvHead,3PlObvSubj,NONE,Prt,Neg,medaabiisinigobaniin,<ChCnj><<madaabii>>sinigobaniin,GUESS,medaabiisinigobanen,<ChCnj><<madaabii>>sinigobanen,GUESS
VAI,Pcp/ChCnj,VAI_m,minongwaam,minongwaam,3PlObvHead,3PlObvSubj,NONE,Prt,Neg,menongwaanzinigobaniin,<ChCnj><<minongwaan>>zinigobaniin,GUESS,menongwaanzinigobanen,<ChCnj><<minongwaan>>zinigobanen,GUESS
VAI,Pcp/ChCnj,VAI_V,nagamo,nagamo,3PlObvHead,3PlObvSubj,NONE,Prt,Neg,negamosinigobaniin,<ChCnj><<nagamo>>sinigobaniin,GUESS,negamosinigobanen,<ChCnj><<nagamo>>sinigobanen,GUESS
VAI,Pcp/ChCnj,VAI_VV,nibaa,nibaa,3PlObvHead,3PlObvSubj,NONE,Prt,Neg,nebaasinigobaniin,<ChCnj><<nibaa>>sinigobaniin,GUESS,nebaasinigobanen,<ChCnj><<nibaa>>sinigobanen,GUESS
VAI,Pcp/ChCnj,VAI_V,niimi,niimi,3PlObvHead,3PlObvSubj,NONE,Prt,Neg,naamisinigobaniin,<ChCnj><<niimi>>sinigobaniin,GUESS,naamisinigobanen,<ChCnj><<niimi>>sinigobanen,GUESS
VAI,Pcp/ChCnj,VAI_n,wanishin,wanishin,3PlObvHead,3PlObvSubj,NONE,Prt,Neg,wenishinzinigobaniin,<ChCnj><<wanishin>>zinigobaniin,GUESS,wenishinzinigobanen,<ChCnj><<wanishin>>zinigobanen,GUESS
VAI,Pcp/ChCnj,VAI_VV,webinige,webinige,3PlObvHead,3PlObvSubj,NONE,Prt,Neg,wayebinigesinigobaniin,<ChCnj><<webinige>>sinigobaniin,GUESS,wayebinigesinigobanen,<ChCnj><<webinige>>sinigobanen,GUESS
VAI,Pcp/ChCnj,VAI_am,zaaga'am,zaaga',3PlObvHead,3PlObvSubj,NONE,Prt,Neg,zayaaga'anzinigobaniin,<ChCnj><<zaaga'>>anzinigobaniin,GUESS,zayaaga'anzinigobanen,<ChCnj><<zaaga'>>anzinigobanen,GUESS
VAI,Pcp/ChCnj,VAI_VV,maajiibatoo,maajiibatoo,3PlObvHead,3PlObvSubj,NONE,Prt,Pos,mayaajiibatoonipaniin,<ChCnj><<maajiibatoo>>nipaniin,GUESS,mayaajiibatoonipanen,<ChCnj><<maajiibatoo>>nipanen,GUESS
VAI,Pcp/ChCnj,VAI_VV,madaabii,madaabii,3PlObvHead,3PlObvSubj,NONE,Prt,Pos,medaabiinipaniin,<ChCnj><<madaabii>>nipaniin,GUESS,medaabiinipanen,<ChCnj><<madaabii>>nipanen,GUESS
VAI,Pcp/ChCnj,VAI_m,minongwaam,minongwaam,3PlObvHead,3PlObvSubj,NONE,Prt,Pos,menongwaaminipaniin,<ChCnj><<minongwaam>>inipaniin,GUESS,menongwaaminipanen,<ChCnj><<minongwaam>>inipanen,GUESS
VAI,Pcp/ChCnj,VAI_V,nagamo,nagamo,3PlObvHead,3PlObvSubj,NONE,Prt,Pos,negamonipaniin,<ChCnj><<nagamo>>nipaniin,GUESS,negamonipanen,<ChCnj><<nagamo>>nipanen,GUESS
VAI,Pcp/ChCnj,VAI_VV,nibaa,nibaa,3PlObvHead,3PlObvSubj,NONE,Prt,Pos,nebaanipaniin,<ChCnj><<nibaa>>nipaniin,GUESS,nebaanipanen,<ChCnj><<nibaa>>nipanen,GUESS
VAI,Pcp/ChCnj,VAI_V,niimi,niimi,3PlObvHead,3PlObvSubj,NONE,Prt,Pos,naaminipaniin,<ChCnj><<niimi>>nipaniin,GUESS,naaminipanen,<ChCnj><<niimi>>nipanen,GUESS
VAI,Pcp/ChCnj,VAI_n,wanishin,wanishin,3PlObvHead,3PlObvSubj,NONE,Prt,Pos,wenishininipaniin,<ChCnj><<wanishin>>inipaniin,GUESS,wenishininipanen,<ChCnj><<wanishin>>inipanen,GUESS
VAI,Pcp/ChCnj,VAI_VV,webinige,webinige,3PlObvHead,3PlObvSubj,NONE,Prt,Pos,wayebinigenipaniin,<ChCnj><<webinige>>nipaniin,GUESS,wayebinigenipanen,<ChCnj><<webinige>>nipanen,GUESS
VAI,Pcp/ChCnj,VAI_am,zaaga'am,zaaga',3PlObvHead,3PlObvSubj,NONE,Prt,Pos,zayaaga'aminipanin,<ChCnj><<zaaga'>>aminipanin,GUESS,zayaaga'aminipanin,<ChCnj><<zaaga'>>aminipanin,GUESS
VAI,Pcp/ChCnj,VAI_VV,maajiibatoo,maajiibatoo,3PlProxHead,3PlProxSubj,NONE,Prt,Neg,mayaajiibatoosigobaniig,<ChCnj><<maajiibatoo>>sigobaniig,GUESS,mayaajiibatoosigobaneg,<ChCnj><<maajiibatoo>>sigobaneg,GUESS
VAI,Pcp/ChCnj,VAI_VV,madaabii,madaabii,3PlProxHead,3PlProxSubj,NONE,Prt,Neg,medaabiisigobaniig,<ChCnj><<madaabii>>sigobaniig,GUESS,medaabiisigobaneg,<ChCnj><<madaabii>>sigobaneg,GUESS
VAI,Pcp/ChCnj,VAI_m,minongwaam,minongwaam,3PlProxHead,3PlProxSubj,NONE,Prt,Neg,menongwaanzigobaniig,<ChCnj><<minongwaan>>zigobaniig,GUESS,menongwaanzigobaneg,<ChCnj><<minongwaan>>zigobaneg,GUESS
VAI,Pcp/ChCnj,VAI_V,nagamo,nagamo,3PlProxHead,3PlProxSubj,NONE,Prt,Neg,negamosigobaniig,<ChCnj><<nagamo>>sigobaniig,GUESS,negamosigobaneg,<ChCnj><<nagamo>>sigobaneg,GUESS
VAI,Pcp/ChCnj,VAI_VV,nibaa,nibaa,3PlProxHead,3PlProxSubj,NONE,Prt,Neg,nebaasigobaniig,<ChCnj><<nibaa>>sigobaniig,GUESS,nebaasigobaneg,<ChCnj><<nibaa>>sigobaneg,GUESS
VAI,Pcp/ChCnj,VAI_V,niimi,niimi,3PlProxHead,3PlProxSubj,NONE,Prt,Neg,naamisigobaniig,<ChCnj><<niimi>>sigobaniig,GUESS,naamisigobaneg,<ChCnj><<niimi>>sigobaneg,GUESS
VAI,Pcp/ChCnj,VAI_n,wanishin,wanishin,3PlProxHead,3PlProxSubj,NONE,Prt,Neg,wenishinzigobaniig,<ChCnj><<wanishin>>zigobaniig,GUESS,wenishinzigobaneg,<ChCnj><<wanishin>>zigobaneg,GUESS
VAI,Pcp/ChCnj,VAI_VV,webinige,webinige,3PlProxHead,3PlProxSubj,NONE,Prt,Neg,wayebinigesigobaniig,<ChCnj><<webinige>>sigobaniig,GUESS,wayebinigesigobaneg,<ChCnj><<webinige>>sigobaneg,GUESS
VAI,Pcp/ChCnj,VAI_am,zaaga'am,zaaga',3PlProxHead,3PlProxSubj,NONE,Prt,Neg,zayaaga'anzigobaniig,<ChCnj><<zaaga'>>anzigobaniig,GUESS,zayaaga'anzigobaneg,<ChCnj><<zaaga'>>anzigobaneg,GUESS
VAI,Pcp/ChCnj,VAI_VV,maajiibatoo,maajiibatoo,3PlProxHead,3PlProxSubj,NONE,Prt,Pos,mayaajiibatoopaniig,<ChCnj><<maajiibatoo>>paniig,GUESS,mayaajiibatoopaneg,<ChCnj><<maajiibatoo>>paneg,GUESS
VAI,Pcp/ChCnj,VAI_VV,madaabii,madaabii,3PlProxHead,3PlProxSubj,NONE,Prt,Pos,medaabiipaniig,<ChCnj><<madaabii>>paniig,GUESS,medaabiipaneg,<ChCnj><<madaabii>>paneg,GUESS
VAI,Pcp/ChCnj,VAI_m,minongwaam,minongwaam,3PlProxHead,3PlProxSubj,NONE,Prt,Pos,menongwaangibaniig,<ChCnj><<minongwaan>>gibaniig,GUESS,menongwaangibaneg,<ChCnj><<minongwaan>>gibaneg,GUESS
VAI,Pcp/ChCnj,VAI_V,nagamo,nagamo,3PlProxHead,3PlProxSubj,NONE,Prt,Pos,negamopaniig,<ChCnj><<nagamo>>paniig,GUESS,negamopaneg,<ChCnj><<nagamo>>paneg,GUESS
VAI,Pcp/ChCnj,VAI_VV,nibaa,nibaa,3PlProxHead,3PlProxSubj,NONE,Prt,Pos,nebaapaniig,<ChCnj><<nibaa>>paniig,GUESS,nebaapaneg,<ChCnj><<nibaa>>paneg,GUESS
VAI,Pcp/ChCnj,VAI_V,niimi,niimi,3PlProxHead,3PlProxSubj,NONE,Prt,Pos,naamipaniig,<ChCnj><<niimi>>paniig,GUESS,naamipaneg,<ChCnj><<niimi>>paneg,GUESS
VAI,Pcp/ChCnj,VAI_n,wanishin,wanishin,3PlProxHead,3PlProxSubj,NONE,Prt,Pos,wenishingibaniig,<ChCnj><<wanishin>>gibaniig,GUESS,wenishingibaneg,<ChCnj><<wanishin>>gibaneg,GUESS
VAI,Pcp/ChCnj,VAI_VV,webinige,webinige,3PlProxHead,3PlProxSubj,NONE,Prt,Pos,wayebinigepaniig,<ChCnj><<webinige>>paniig,GUESS,wayebinigepaneg,<ChCnj><<webinige>>paneg,GUESS
VAI,Pcp/ChCnj,VAI_am,zaaga'am,zaaga',3PlProxHead,3PlProxSubj,NONE,Prt,Pos,zayaaga'angibaniig,<ChCnj><<zaaga'>>angibaniig,GUESS,zayaaga'angibaneg,<ChCnj><<zaaga'>>angibaneg,GUESS
VAI,Pcp/ChCnj,VAI_VV,maajiibatoo,maajiibatoo,3SgObvHead,3SgObvSubj,NONE,Prt,Neg,mayaajiibatoosinigobaniin,<ChCnj><<maajiibatoo>>sinigobaniin,GUESS,mayaajiibatoosinigobanen,<ChCnj><<maajiibatoo>>sinigobanen,GUESS
VAI,Pcp/ChCnj,VAI_VV,madaabii,madaabii,3SgObvHead,3SgObvSubj,NONE,Prt,Neg,medaabiisinigobaniin,<ChCnj><<madaabii>>sinigobaniin,GUESS,medaabiisinigobanen,<ChCnj><<madaabii>>sinigobanen,GUESS
VAI,Pcp/ChCnj,VAI_m,minongwaam,minongwaam,3SgObvHead,3SgObvSubj,NONE,Prt,Neg,menongwaanzinigobaniin,<ChCnj><<minongwaan>>zinigobaniin,GUESS,menongwaanzinigobanen,<ChCnj><<minongwaan>>zinigobanen,GUESS
VAI,Pcp/ChCnj,VAI_V,nagamo,nagamo,3SgObvHead,3SgObvSubj,NONE,Prt,Neg,negamosinigobaniin,<ChCnj><<nagamo>>sinigobaniin,GUESS,negamosinigobanen,<ChCnj><<nagamo>>sinigobanen,GUESS
VAI,Pcp/ChCnj,VAI_VV,nibaa,nibaa,3SgObvHead,3SgObvSubj,NONE,Prt,Neg,nebaasinigobaniin,<ChCnj><<nibaa>>sinigobaniin,GUESS,nebaasinigobanen,<ChCnj><<nibaa>>sinigobanen,GUESS
VAI,Pcp/ChCnj,VAI_V,niimi,niimi,3SgObvHead,3SgObvSubj,NONE,Prt,Neg,naamisinigobaniin,<ChCnj><<niimi>>sinigobaniin,GUESS,naamisinigobanen,<ChCnj><<niimi>>sinigobanen,GUESS
VAI,Pcp/ChCnj,VAI_n,wanishin,wanishin,3SgObvHead,3SgObvSubj,NONE,Prt,Neg,wenishinzinigobaniin,<ChCnj><<wanishin>>zinigobaniin,GUESS,wenishinzinigobanen,<ChCnj><<wanishin>>zinigobanen,GUESS
VAI,Pcp/ChCnj,VAI_VV,webinige,webinige,3SgObvHead,3SgObvSubj,NONE,Prt,Neg,wayebinigesinigobaniin,<ChCnj><<webinige>>sinigobaniin,GUESS,wayebinigesinigobanen,<ChCnj><<webinige>>sinigobanen,GUESS
VAI,Pcp/ChCnj,VAI_am,zaaga'am,zaaga',3SgObvHead,3SgObvSubj,NONE,Prt,Neg,zayaaga'anzinigobaniin,<ChCnj><<zaaga'>>anzinigobaniin,GUESS,zayaaga'anzinigobanen,<ChCnj><<zaaga'>>anzinigobanen,GUESS
VAI,Pcp/ChCnj,VAI_VV,maajiibatoo,maajiibatoo,3SgObvHead,3SgObvSubj,NONE,Prt,Pos,mayaajiibatoonipaniin,<ChCnj><<maajiibatoo>>nipaniin,GUESS,mayaajiibatoonipanen,<ChCnj><<maajiibatoo>>nipanen,GUESS
VAI,Pcp/ChCnj,VAI_VV,madaabii,madaabii,3SgObvHead,3SgObvSubj,NONE,Prt,Pos,medaabiinipaniin,<ChCnj><<madaabii>>nipaniin,GUESS,medaabiinipanen,<ChCnj><<madaabii>>nipanen,GUESS
VAI,Pcp/ChCnj,VAI_m,minongwaam,minongwaam,3SgObvHead,3SgObvSubj,NONE,Prt,Pos,menongwaaminipaniin,<ChCnj><<minongwaam>>inipaniin,GUESS,menongwaaminipanen,<ChCnj><<minongwaam>>inipanen,GUESS
VAI,Pcp/ChCnj,VAI_V,nagamo,nagamo,3SgObvHead,3SgObvSubj,NONE,Prt,Pos,negamonipaniin,<ChCnj><<nagamo>>nipaniin,GUESS,negamonipanen,<ChCnj><<nagamo>>nipanen,GUESS
VAI,Pcp/ChCnj,VAI_VV,nibaa,nibaa,3SgObvHead,3SgObvSubj,NONE,Prt,Pos,nebaanipaniin,<ChCnj><<nibaa>>nipaniin,GUESS,nebaanipanen,<ChCnj><<nibaa>>nipanen,GUESS
VAI,Pcp/ChCnj,VAI_V,niimi,niimi,3SgObvHead,3SgObvSubj,NONE,Prt,Pos,naaminipaniin,<ChCnj><<niimi>>nipaniin,GUESS,naaminipanen,<ChCnj><<niimi>>nipanen,GUESS
VAI,Pcp/ChCnj,VAI_n,wanishin,wanishin,3SgObvHead,3SgObvSubj,NONE,Prt,Pos,wenishininipaniin,<ChCnj><<wanishin>>inipaniin,GUESS,wenishininipanen,<ChCnj><<wanishin>>inipanen,GUESS
VAI,Pcp/ChCnj,VAI_VV,webinige,webinige,3SgObvHead,3SgObvSubj,NONE,Prt,Pos,wayebinigenipaniin,<ChCnj><<webinige>>nipaniin,GUESS,wayebinigenipanen,<ChCnj><<webinige>>nipanen,GUESS
VAI,Pcp/ChCnj,VAI_am,zaaga'am,zaaga',3SgObvHead,3SgObvSubj,NONE,Prt,Pos,zayaaga'aminipaniin,<ChCnj><<zaaga'>>aminipaniin,GUESS,zayaaga'aminipanen,<ChCnj><<zaaga'>>aminipanen,GUESS
VAI,Pcp/ChCnj,VAI_VV,maajiibatoo,maajiibatoo,3SgProxHead,3SgProxSubj,NONE,Prt,Neg,mayaajiibatoosigoban,<ChCnj><<maajiibatoo>>sigoban,GUESS,,,
VAI,Pcp/ChCnj,VAI_VV,madaabii,madaabii,3SgProxHead,3SgProxSubj,NONE,Prt,Neg,medaabiisigoban,<ChCnj><<madaabii>>sigoban,GUESS,,,
VAI,Pcp/ChCnj,VAI_m,minongwaam,minongwaam,3SgProxHead,3SgProxSubj,NONE,Prt,Neg,menongwaanzigoban,<ChCnj><<minongwaan>>zigoban,GUESS,,,
VAI,Pcp/ChCnj,VAI_V,nagamo,nagamo,3SgProxHead,3SgProxSubj,NONE,Prt,Neg,negamosigoban,<ChCnj><<nagamo>>sigoban,GUESS,,,
VAI,Pcp/ChCnj,VAI_VV,nibaa,nibaa,3SgProxHead,3SgProxSubj,NONE,Prt,Neg,nebaasigoban,<ChCnj><<nibaa>>sigoban,GUESS,,,
VAI,Pcp/ChCnj,VAI_V,niimi,niimi,3SgProxHead,3SgProxSubj,NONE,Prt,Neg,naamisigoban,<ChCnj><<niimi>>sigoban,GUESS,,,
VAI,Pcp/ChCnj,VAI_n,wanishin,wanishin,3SgProxHead,3SgProxSubj,NONE,Prt,Neg,wenishinzigoban,<ChCnj><<wanishin>>zigoban,GUESS,,,
VAI,Pcp/ChCnj,VAI_VV,webinige,webinige,3SgProxHead,3SgProxSubj,NONE,Prt,Neg,wayebinigesigoban,<ChCnj><<webinige>>sigoban,GUESS,,,
VAI,Pcp/ChCnj,VAI_am,zaaga'am,zaaga',3SgProxHead,3SgProxSubj,NONE,Prt,Neg,zayaaga'anzigoban,<ChCnj><<zaaga'>>anzigoban,GUESS,,,
VAI,Pcp/ChCnj,VAI_VV,maajiibatoo,maajiibatoo,3SgProxHead,3SgProxSubj,NONE,Prt,Pos,mayaajiibatoopan,<ChCnj><<maajiibatoo>>pan,GUESS,,,
VAI,Pcp/ChCnj,VAI_VV,madaabii,madaabii,3SgProxHead,3SgProxSubj,NONE,Prt,Pos,medaabiipan,<ChCnj><<madaabii>>pan,GUESS,,,
VAI,Pcp/ChCnj,VAI_m,minongwaam,minongwaam,3SgProxHead,3SgProxSubj,NONE,Prt,Pos,menongwaangiban,<ChCnj><<minongwaan>>giban,GUESS,,,
VAI,Pcp/ChCnj,VAI_V,nagamo,nagamo,3SgProxHead,3SgProxSubj,NONE,Prt,Pos,negamopan,<ChCnj><<nagamo>>pan,GUESS,,,
VAI,Pcp/ChCnj,VAI_VV,nibaa,nibaa,3SgProxHead,3SgProxSubj,NONE,Prt,Pos,nebaapan,<ChCnj><<nibaa>>pan,GUESS,,,
VAI,Pcp/ChCnj,VAI_V,niimi,niimi,3SgProxHead,3SgProxSubj,NONE,Prt,Pos,naamipan,<ChCnj><<niimi>>pan,GUESS,,,
VAI,Pcp/ChCnj,VAI_n,wanishin,wanishin,3SgProxHead,3SgProxSubj,NONE,Prt,Pos,wenishingiban,<ChCnj><<wanishin>>giban,GUESS,,,
VAI,Pcp/ChCnj,VAI_VV,webinige,webinige,3SgProxHead,3SgProxSubj,NONE,Prt,Pos,wayebinigepan,<ChCnj><<webinige>>pan,GUESS,,,
VAI,Pcp/ChCnj,VAI_am,zaaga'am,zaaga',3SgProxHead,3SgProxSubj,NONE,Prt,Pos,zayaaga'angiban,<ChCnj><<zaaga'>>angiban,GUESS,,,
VAI,Pcp/PVSub/gaa,VAI_VV,maajiibatoo,maajiibatoo,3PlObvSubj,3PlObvSubj,NONE,Dub,Neg,gaa-maajiibatoosiinigwen,gaa-<<maajiibatoo>>siinigwen,JDN-2010-MS-VAI-p32,,,
VAI,Pcp/PVSub/gaa,VAI_VV,madaabii,madaabii,3PlObvSubj,3PlObvSubj,NONE,Dub,Neg,gaa-madaabiisiinigwen,gaa-<<madaabii>>siinigwen,JDN-2010-MS-VAI-p32,,,
VAI,Pcp/PVSub/gaa,VAI_m,minongwaam,minongwaam,3PlObvSubj,3PlObvSubj,NONE,Dub,Neg,gaa-minongwaanziinigwen,gaa-<<minongwaan>>ziinigwen,JDN-2010-MS-VAI-p32,,,
VAI,Pcp/PVSub/gaa,VAI_V,nagamo,nagamo,3PlObvSubj,3PlObvSubj,NONE,Dub,Neg,gaa-nagamosiinigwen,gaa-<<nagamo>>siinigwen,JDN-2010-MS-VAI-p32,,,
VAI,Pcp/PVSub/gaa,VAI_VV,nibaa,nibaa,3PlObvSubj,3PlObvSubj,NONE,Dub,Neg,gaa-nibaasiinigwen,gaa-<<nibaa>>siinigwen,NJ-ngs-2023Aug18; JDN-2010-MS-VAI-p32,,,
VAI,Pcp/PVSub/gaa,VAI_V,niimi,niimi,3PlObvSubj,3PlObvSubj,NONE,Dub,Neg,gaa-niimisiinigwen,gaa-<<niimi>>siinigwen,JDN-2010-MS-VAI-p32,,,
VAI,Pcp/PVSub/gaa,VAI_n,wanishin,wanishin,3PlObvSubj,3PlObvSubj,NONE,Dub,Neg,gaa-wanishinziinigwen,gaa-<<wanishin>>ziinigwen,JDN-2010-MS-VAI-p32,,,
VAI,Pcp/PVSub/gaa,VAI_VV,webinige,webinige,3PlObvSubj,3PlObvSubj,NONE,Dub,Neg,gaa-webinigesiinigwen,gaa-<<webinige>>siinigwen,JDN-2010-MS-VAI-p32,,,
VAI,Pcp/PVSub/gaa,VAI_am,zaaga'am,zaaga',3PlObvSubj,3PlObvSubj,NONE,Dub,Neg,gaa-zaaga'anziinigwen,gaa-<<zaaga'>>anziinigwen,JDN-2010-MS-VAI-p32,,,
VAI,Pcp/PVSub/gaa,VAI_VV,maajiibatoo,maajiibatoo,3PlObvSubj,3PlObvSubj,NONE,Dub,Pos,gaa-maajiibatoonigwen,gaa-<<maajiibatoo>>nigwen,JDN-2010-MS-VAI-p31,,,
VAI,Pcp/PVSub/gaa,VAI_VV,madaabii,madaabii,3PlObvSubj,3PlObvSubj,NONE,Dub,Pos,gaa-madaabiinigwen,gaa-<<madaabii>>nigwen,JDN-2010-MS-VAI-p31,,,
VAI,Pcp/PVSub/gaa,VAI_m,minongwaam,minongwaam,3PlObvSubj,3PlObvSubj,NONE,Dub,Pos,gaa-minongwaaminigwen,gaa-<<minongwaam>>inigwen,JDN-2010-MS-VAI-p31,,,
VAI,Pcp/PVSub/gaa,VAI_V,nagamo,nagamo,3PlObvSubj,3PlObvSubj,NONE,Dub,Pos,gaa-nagamonigwen,gaa-<<nagamo>>nigwen,JDN-2010-MS-VAI-p31,,,
VAI,Pcp/PVSub/gaa,VAI_VV,nibaa,nibaa,3PlObvSubj,3PlObvSubj,NONE,Dub,Pos,gaa-nibaanigwen,gaa-<<nibaa>>nigwen,NJ-ngs-2023Aug18; JDN-2010-MS-VAI-p31,,,
VAI,Pcp/PVSub/gaa,VAI_V,niimi,niimi,3PlObvSubj,3PlObvSubj,NONE,Dub,Pos,gaa-niiminigwen,gaa-<<niimi>>nigwen,JDN-2010-MS-VAI-p31,,,
VAI,Pcp/PVSub/gaa,VAI_n,wanishin,wanishin,3PlObvSubj,3PlObvSubj,NONE,Dub,Pos,gaa-wanishininigwen,gaa-<<wanishin>>inigwen,JDN-2010-MS-VAI-p31,,,
VAI,Pcp/PVSub/gaa,VAI_VV,webinige,webinige,3PlObvSubj,3PlObvSubj,NONE,Dub,Pos,gaa-webinigenigwen,gaa-<<webinige>>nigwen,JDN-2010-MS-VAI-p31,,,
VAI,Pcp/PVSub/gaa,VAI_am,zaaga'am,zaaga',3PlObvSubj,3PlObvSubj,NONE,Dub,Pos,gaa-zaaga'aminigwen,gaa-<<zaaga'>>aminigwen,JDN-2010-MS-VAI-p31,,,
VAI,Pcp/PVSub/gaa,VAI_VV,maajiibatoo,maajiibatoo,3PlObvSubj,3PlObvSubj,NONE,DubPrt,Neg,gaa-maajiibatoosiinigobanen,gaa-<<maajiibatoo>>siinigobanen,JDN-2010-MS-VAI-p36,,,
VAI,Pcp/PVSub/gaa,VAI_VV,madaabii,madaabii,3PlObvSubj,3PlObvSubj,NONE,DubPrt,Neg,gaa-madaabiisiinigobanen,gaa-<<madaabii>>siinigobanen,JDN-2010-MS-VAI-p36,,,
VAI,Pcp/PVSub/gaa,VAI_m,minongwaam,minongwaam,3PlObvSubj,3PlObvSubj,NONE,DubPrt,Neg,gaa-minongwaanziinigobanen,gaa-<<minongwaan>>ziinigobanen,JDN-2010-MS-VAI-p36,,,
VAI,Pcp/PVSub/gaa,VAI_V,nagamo,nagamo,3PlObvSubj,3PlObvSubj,NONE,DubPrt,Neg,gaa-nagamosiinigobanen,gaa-<<nagamo>>siinigobanen,JDN-2010-MS-VAI-p36,,,
VAI,Pcp/PVSub/gaa,VAI_VV,nibaa,nibaa,3PlObvSubj,3PlObvSubj,NONE,DubPrt,Neg,gaa-nibaasiinigobanen,gaa-<<nibaa>>siinigobanen,NJ-ngs-2023Aug18; JDN-2010-MS-VAI-p36,,,
VAI,Pcp/PVSub/gaa,VAI_V,niimi,niimi,3PlObvSubj,3PlObvSubj,NONE,DubPrt,Neg,gaa-niimisiinigobanen,gaa-<<niimi>>siinigobanen,JDN-2010-MS-VAI-p36,,,
VAI,Pcp/PVSub/gaa,VAI_n,wanishin,wanishin,3PlObvSubj,3PlObvSubj,NONE,DubPrt,Neg,gaa-wanishinziinigobanen,gaa-<<wanishin>>ziinigobanen,JDN-2010-MS-VAI-p36,,,
VAI,Pcp/PVSub/gaa,VAI_VV,webinige,webinige,3PlObvSubj,3PlObvSubj,NONE,DubPrt,Neg,gaa-webinigesiinigobanen,gaa-<<webinige>>siinigobanen,JDN-2010-MS-VAI-p36,,,
VAI,Pcp/PVSub/gaa,VAI_am,zaaga'am,zaaga',3PlObvSubj,3PlObvSubj,NONE,DubPrt,Neg,gaa-zaaga'aminigobanen,gaa-<<zaaga'>>aminigobanen,JDN-2010-MS-VAI-p36,,,
VAI,Pcp/PVSub/gaa,VAI_VV,maajiibatoo,maajiibatoo,3PlObvSubj,3PlObvSubj,NONE,DubPrt,Pos,gaa-maajiibatoonigobanen,gaa-<<maajiibatoo>>nigobanen,JDN-2010-MS-VAI-p35,,,
VAI,Pcp/PVSub/gaa,VAI_VV,madaabii,madaabii,3PlObvSubj,3PlObvSubj,NONE,DubPrt,Pos,gaa-madaabiinigobanen,gaa-<<madaabii>>nigobanen,JDN-2010-MS-VAI-p35,,,
VAI,Pcp/PVSub/gaa,VAI_m,minongwaam,minongwaam,3PlObvSubj,3PlObvSubj,NONE,DubPrt,Pos,gaa-minongwaaminigobanen,gaa-<<minongwaam>>inigobanen,JDN-2010-MS-VAI-p35,,,
VAI,Pcp/PVSub/gaa,VAI_V,nagamo,nagamo,3PlObvSubj,3PlObvSubj,NONE,DubPrt,Pos,gaa-nagamonigobanen,gaa-<<nagamo>>nigobanen,JDN-2010-MS-VAI-p35,,,
VAI,Pcp/PVSub/gaa,VAI_VV,nibaa,nibaa,3PlObvSubj,3PlObvSubj,NONE,DubPrt,Pos,gaa-nibaanigobanen,gaa-<<nibaa>>nigobanen,NJ-ngs-2023Aug18; JDN-2010-MS-VAI-p35,,,
VAI,Pcp/PVSub/gaa,VAI_V,niimi,niimi,3PlObvSubj,3PlObvSubj,NONE,DubPrt,Pos,gaa-niiminigobanen,gaa-<<niimi>>nigobanen,JDN-2010-MS-VAI-p35,,,
VAI,Pcp/PVSub/gaa,VAI_n,wanishin,wanishin,3PlObvSubj,3PlObvSubj,NONE,DubPrt,Pos,gaa-wanishininigobanen,gaa-<<wanishin>>inigobanen,JDN-2010-MS-VAI-p35,,,
VAI,Pcp/PVSub/gaa,VAI_VV,webinige,webinige,3PlObvSubj,3PlObvSubj,NONE,DubPrt,Pos,gaa-webinigenigobanen,gaa-<<webinige>>nigobanen,JDN-2010-MS-VAI-p35,,,
VAI,Pcp/PVSub/gaa,VAI_am,zaaga'am,zaaga',3PlObvSubj,3PlObvSubj,NONE,DubPrt,Pos,gaa-zaaga'aminigobanen,gaa-<<zaaga'>>aminigobanen,JDN-2010-MS-VAI-p35,,,
VAI,Pcp/PVSub/gaa,VAI_VV,maajiibatoo,maajiibatoo,3PlObvSubj,3PlObvSubj,NONE,Neu,Neg,gaa-maajiibatoosinid,gaa-<<maajiibatoo>>sinid,GUESS,gaa-maajiibatoosinig,gaa-<<maajiibatoo>>sinig,JDN-2010-MS-VAI-p24
VAI,Pcp/PVSub/gaa,VAI_VV,madaabii,madaabii,3PlObvSubj,3PlObvSubj,NONE,Neu,Neg,gaa-madaabiisinid,gaa-<<madaabii>>sinid,GUESS,gaa-madaabiisinig,gaa-<<madaabii>>sinig,JDN-2010-MS-VAI-p24
VAI,Pcp/PVSub/gaa,VAI_m,minongwaam,minongwaam,3PlObvSubj,3PlObvSubj,NONE,Neu,Neg,gaa-minongwaanzinid,gaa-<<minongwaan>>zinid,GUESS,gaa-minongwaanzinig,gaa-<<minongwaan>>zinig,JDN-2010-MS-VAI-p24
VAI,Pcp/PVSub/gaa,VAI_V,nagamo,nagamo,3PlObvSubj,3PlObvSubj,NONE,Neu,Neg,gaa-nagamosinig,gaa-<<nagamo>>sinig,GUESS,gaa-nagamosinig,gaa-<<nagamo>>sinig,JDN-2010-MS-VAI-p24
VAI,Pcp/PVSub/gaa,VAI_VV,nibaa,nibaa,3PlObvSubj,3PlObvSubj,NONE,Neu,Neg,gaa-nibaasinid,gaa-<<nibaa>>sinid,NJ-ngs-2023Aug18,gaa-nibaasinig,gaa-<<nibaa>>sinig,JDN-2010-MS-VAI-p24
VAI,Pcp/PVSub/gaa,VAI_V,niimi,niimi,3PlObvSubj,3PlObvSubj,NONE,Neu,Neg,gaa-niimisinid,gaa-<<niimi>>sinid,NJ-ngs-2023Aug18,gaa-niimisinig,gaa-<<niimi>>sinig,JDN-2010-MS-VAI-p24
VAI,Pcp/PVSub/gaa,VAI_n,wanishin,wanishin,3PlObvSubj,3PlObvSubj,NONE,Neu,Neg,gaa-wanishinzinid,gaa-<<wanishin>>zinid,NJ-ngs-2023Aug18,gaa-wanishinzinig,gaa-<<wanishin>>zinig,JDN-2010-MS-VAI-p24
VAI,Pcp/PVSub/gaa,VAI_VV,webinige,webinige,3PlObvSubj,3PlObvSubj,NONE,Neu,Neg,gaa-webinigesinid,gaa-<<webinige>>sinid,NJ-ngs-2023Aug18,gaa-webinigesinig,gaa-<<webinige>>sinig,JDN-2010-MS-VAI-p24
VAI,Pcp/PVSub/gaa,VAI_am,zaaga'am,zaaga',3PlObvSubj,3PlObvSubj,NONE,Neu,Neg,gaa-zaaga'anzinid,gaa-<<zaaga'>>anzinid,NJ-ngs-2023Aug18,gaa-zaaga'anzinig,gaa-<<zaaga'>>anzinig,JDN-2010-MS-VAI-p24
VAI,Pcp/PVSub/gaa,VAI_VV,maajiibatoo,maajiibatoo,3PlObvSubj,3PlObvSubj,NONE,Neu,Pos,gaa-maajiibatoonid,gaa-<<maajiibatoo>>nid,JDN-2010-MS-VAI-p23,,,
VAI,Pcp/PVSub/gaa,VAI_VV,madaabii,madaabii,3PlObvSubj,3PlObvSubj,NONE,Neu,Pos,gaa-madaabiinid,gaa-<<madaabii>>nid,JDN-2010-MS-VAI-p23,,,
VAI,Pcp/PVSub/gaa,VAI_m,minongwaam,minongwaam,3PlObvSubj,3PlObvSubj,NONE,Neu,Pos,gaa-minongwaaminid,gaa-<<minongwaam>>inid,JDN-2010-MS-VAI-p23,,,
VAI,Pcp/PVSub/gaa,VAI_V,nagamo,nagamo,3PlObvSubj,3PlObvSubj,NONE,Neu,Pos,gaa-nagamonid,gaa-<<nagamo>>nid,JDN-2010-MS-VAI-p23,,,
VAI,Pcp/PVSub/gaa,VAI_VV,nibaa,nibaa,3PlObvSubj,3PlObvSubj,NONE,Neu,Pos,gaa-nibaanid,gaa-<<nibaa>>nid,NJ-ngs-2023Aug18; JDN-2010-MS-VAI-p23,,,
VAI,Pcp/PVSub/gaa,VAI_V,niimi,niimi,3PlObvSubj,3PlObvSubj,NONE,Neu,Pos,gaa-niiminid,gaa-<<niimi>>nid,JDN-2010-MS-VAI-p23,,,
VAI,Pcp/PVSub/gaa,VAI_n,wanishin,wanishin,3PlObvSubj,3PlObvSubj,NONE,Neu,Pos,gaa-wanishininid,gaa-<<wanishin>>inid,JDN-2010-MS-VAI-p23,,,
VAI,Pcp/PVSub/gaa,VAI_VV,webinige,webinige,3PlObvSubj,3PlObvSubj,NONE,Neu,Pos,gaa-webinigenid,gaa-<<webinige>>nid,JDN-2010-MS-VAI-p23,,,
VAI,Pcp/PVSub/gaa,VAI_am,zaaga'am,zaaga',3PlObvSubj,3PlObvSubj,NONE,Neu,Pos,gaa-zaaga'aminid,gaa-<<zaaga'>>aminid,JDN-2010-MS-VAI-p23,,,
VAI,Pcp/PVSub/gaa,VAI_VV,maajiibatoo,maajiibatoo,3PlObvSubj,3PlObvSubj,NONE,Prt,Neg,gaa-maajiibatoosinigoban,gaa-<<maajiibatoo>>sinigoban,JDN-2010-MS-VAI-p28,,,
VAI,Pcp/PVSub/gaa,VAI_VV,madaabii,madaabii,3PlObvSubj,3PlObvSubj,NONE,Prt,Neg,gaa-madaabiisinigoban,gaa-<<madaabii>>sinigoban,JDN-2010-MS-VAI-p28,,,
VAI,Pcp/PVSub/gaa,VAI_m,minongwaam,minongwaam,3PlObvSubj,3PlObvSubj,NONE,Prt,Neg,gaa-minongwaanzinigoban,gaa-<<minongwaan>>zinigoban,JDN-2010-MS-VAI-p28,,,
VAI,Pcp/PVSub/gaa,VAI_V,nagamo,nagamo,3PlObvSubj,3PlObvSubj,NONE,Prt,Neg,gaa-nagamosinigoban,gaa-<<nagamo>>sinigoban,JDN-2010-MS-VAI-p28,,,
VAI,Pcp/PVSub/gaa,VAI_VV,nibaa,nibaa,3PlObvSubj,3PlObvSubj,NONE,Prt,Neg,gaa-nibaasinigoban,gaa-<<nibaa>>sinigoban,NJ-ngs-2023Aug18; JDN-2010-MS-VAI-p28,,,
VAI,Pcp/PVSub/gaa,VAI_V,niimi,niimi,3PlObvSubj,3PlObvSubj,NONE,Prt,Neg,gaa-niimisinigoban,gaa-<<niimi>>sinigoban,JDN-2010-MS-VAI-p28,,,
VAI,Pcp/PVSub/gaa,VAI_n,wanishin,wanishin,3PlObvSubj,3PlObvSubj,NONE,Prt,Neg,gaa-wanishinzinigoban,gaa-<<wanishin>>zinigoban,JDN-2010-MS-VAI-p28,,,
VAI,Pcp/PVSub/gaa,VAI_VV,webinige,webinige,3PlObvSubj,3PlObvSubj,NONE,Prt,Neg,gaa-webinigesinigoban,gaa-<<webinige>>sinigoban,JDN-2010-MS-VAI-p28,,,
VAI,Pcp/PVSub/gaa,VAI_am,zaaga'am,zaaga',3PlObvSubj,3PlObvSubj,NONE,Prt,Neg,gaa-zaaga'anzinigoban,gaa-<<zaaga'>>anzinigoban,JDN-2010-MS-VAI-p28,,,
VAI,Pcp/PVSub/gaa,VAI_VV,maajiibatoo,maajiibatoo,3PlObvSubj,3PlObvSubj,NONE,Prt,Pos,gaa-maajiibatoonipan,gaa-<<maajiibatoo>>nipan,JDN-2010-MS-VAI-p27,,,
VAI,Pcp/PVSub/gaa,VAI_VV,madaabii,madaabii,3PlObvSubj,3PlObvSubj,NONE,Prt,Pos,gaa-madaabiinipan,gaa-<<madaabii>>nipan,JDN-2010-MS-VAI-p27,,,
VAI,Pcp/PVSub/gaa,VAI_m,minongwaam,minongwaam,3PlObvSubj,3PlObvSubj,NONE,Prt,Pos,gaa-minongwaaminipan,gaa-<<minongwaam>>inipan,JDN-2010-MS-VAI-p27,,,
VAI,Pcp/PVSub/gaa,VAI_V,nagamo,nagamo,3PlObvSubj,3PlObvSubj,NONE,Prt,Pos,gaa-nagamonipan,gaa-<<nagamo>>nipan,JDN-2010-MS-VAI-p27,,,
VAI,Pcp/PVSub/gaa,VAI_VV,nibaa,nibaa,3PlObvSubj,3PlObvSubj,NONE,Prt,Pos,gaa-nibaanipan,gaa-<<nibaa>>nipan,NJ-ngs-2023Aug18; JDN-2010-MS-VAI-p27,,,
VAI,Pcp/PVSub/gaa,VAI_V,niimi,niimi,3PlObvSubj,3PlObvSubj,NONE,Prt,Pos,gaa-niiminipan,gaa-<<niimi>>nipan,JDN-2010-MS-VAI-p27,,,
VAI,Pcp/PVSub/gaa,VAI_n,wanishin,wanishin,3PlObvSubj,3PlObvSubj,NONE,Prt,Pos,gaa-wanishininipan,gaa-<<wanishin>>inipan,JDN-2010-MS-VAI-p27,,,
VAI,Pcp/PVSub/gaa,VAI_VV,webinige,webinige,3PlObvSubj,3PlObvSubj,NONE,Prt,Pos,gaa-webinigenipan,gaa-<<webinige>>nipan,JDN-2010-MS-VAI-p27,,,
VAI,Pcp/PVSub/gaa,VAI_am,zaaga'am,zaaga',3PlObvSubj,3PlObvSubj,NONE,Prt,Pos,gaa-zaaga'aminipan,gaa-<<zaaga'>>aminipan,JDN-2010-MS-VAI-p27,,,
VAI,Pcp/PVSub/gaa,VAI_VV,maajiibatoo,maajiibatoo,3PlProxSubj,3PlProxSubj,NONE,Dub,Neg,gaa-maajiibatoosiiwaagwen,gaa-<<maajiibatoo>>siiwaagwen,JDN-2010-MS-VAI-p32,,,
VAI,Pcp/PVSub/gaa,VAI_VV,madaabii,madaabii,3PlProxSubj,3PlProxSubj,NONE,Dub,Neg,gaa-madaabiisiiwaagwen,gaa-<<madaabii>>siiwaagwen,JDN-2010-MS-VAI-p32,,,
VAI,Pcp/PVSub/gaa,VAI_m,minongwaam,minongwaam,3PlProxSubj,3PlProxSubj,NONE,Dub,Neg,gaa-minongwaanziiwaagwen,gaa-<<minongwaan>>ziiwaagwen,JDN-2010-MS-VAI-p32,,,
VAI,Pcp/PVSub/gaa,VAI_V,nagamo,nagamo,3PlProxSubj,3PlProxSubj,NONE,Dub,Neg,gaa-nagamosiiwaagwen,gaa-<<nagamo>>siiwaagwen,JDN-2010-MS-VAI-p32,,,
VAI,Pcp/PVSub/gaa,VAI_VV,nibaa,nibaa,3PlProxSubj,3PlProxSubj,NONE,Dub,Neg,gaa-nibaasiiwaagwen,gaa-<<nibaa>>siiwaagwen,NJ-ngs-2023Aug18; JDN-2010-MS-VAI-p32,,,
VAI,Pcp/PVSub/gaa,VAI_V,niimi,niimi,3PlProxSubj,3PlProxSubj,NONE,Dub,Neg,gaa-niimisiiwaagwen,gaa-<<niimi>>siiwaagwen,JDN-2010-MS-VAI-p32,,,
VAI,Pcp/PVSub/gaa,VAI_n,wanishin,wanishin,3PlProxSubj,3PlProxSubj,NONE,Dub,Neg,gaa-wanishinziiwaagwen,gaa-<<wanishin>>ziiwaagwen,JDN-2010-MS-VAI-p32,,,
VAI,Pcp/PVSub/gaa,VAI_VV,webinige,webinige,3PlProxSubj,3PlProxSubj,NONE,Dub,Neg,gaa-webinigesiiwaagwen,gaa-<<webinige>>siiwaagwen,JDN-2010-MS-VAI-p32,,,
VAI,Pcp/PVSub/gaa,VAI_am,zaaga'am,zaaga',3PlProxSubj,3PlProxSubj,NONE,Dub,Neg,gaa-zaaga'anziiwaagwen,gaa-<<zaaga'>>anziiwaagwen,JDN-2010-MS-VAI-p32,,,
VAI,Pcp/PVSub/gaa,VAI_VV,maajiibatoo,maajiibatoo,3PlProxSubj,3PlProxSubj,NONE,Dub,Pos,gaa-maajiibatoowaagwen,gaa-<<maajiibatoo>>waagwen,JDN-2010-MS-VAI-p31,,,
VAI,Pcp/PVSub/gaa,VAI_VV,madaabii,madaabii,3PlProxSubj,3PlProxSubj,NONE,Dub,Pos,gaa-madaabiiwaagwen,gaa-<<madaabii>>waagwen,JDN-2010-MS-VAI-p31,,,
VAI,Pcp/PVSub/gaa,VAI_m,minongwaam,minongwaam,3PlProxSubj,3PlProxSubj,NONE,Dub,Pos,gaa-minongwaamowaagwen,gaa-<<minongwaam>>owaagwen,JDN-2010-MS-VAI-p31,,,
VAI,Pcp/PVSub/gaa,VAI_V,nagamo,nagamo,3PlProxSubj,3PlProxSubj,NONE,Dub,Pos,gaa-nagamowaagwen,gaa-<<nagamo>>waagwen,JDN-2010-MS-VAI-p31,,,
VAI,Pcp/PVSub/gaa,VAI_VV,nibaa,nibaa,3PlProxSubj,3PlProxSubj,NONE,Dub,Pos,gaa-nibaawaagwen,gaa-<<nibaa>>waagwen,NJ-ngs-2023Aug18; JDN-2010-MS-VAI-p31,,,
VAI,Pcp/PVSub/gaa,VAI_V,niimi,niimi,3PlProxSubj,3PlProxSubj,NONE,Dub,Pos,gaa-niimiwaagwen,gaa-<<niimi>>waagwen,JDN-2010-MS-VAI-p31,,,
VAI,Pcp/PVSub/gaa,VAI_n,wanishin,wanishin,3PlProxSubj,3PlProxSubj,NONE,Dub,Pos,gaa-wanishinowaagwen,gaa-<<wanishin>>owaagwen,JDN-2010-MS-VAI-p31,,,
VAI,Pcp/PVSub/gaa,VAI_VV,webinige,webinige,3PlProxSubj,3PlProxSubj,NONE,Dub,Pos,gaa-webinigewaagwen,gaa-<<webinige>>waagwen,JDN-2010-MS-VAI-p31,,,
VAI,Pcp/PVSub/gaa,VAI_am,zaaga'am,zaaga',3PlProxSubj,3PlProxSubj,NONE,Dub,Pos,gaa-zaaga'amowaagwen,gaa-<<zaaga'>>amowaagwen,JDN-2010-MS-VAI-p31,,,
VAI,Pcp/PVSub/gaa,VAI_VV,maajiibatoo,maajiibatoo,3PlProxSubj,3PlProxSubj,NONE,DubPrt,Neg,gaa-maajiibatoosiiwaagobanen,gaa-<<maajiibatoo>>siiwaagobanen,JDN-2010-MS-VAI-p36,,,
VAI,Pcp/PVSub/gaa,VAI_VV,madaabii,madaabii,3PlProxSubj,3PlProxSubj,NONE,DubPrt,Neg,gaa-madaabiisiiwaagobanen,gaa-<<madaabii>>siiwaagobanen,JDN-2010-MS-VAI-p36,,,
VAI,Pcp/PVSub/gaa,VAI_m,minongwaam,minongwaam,3PlProxSubj,3PlProxSubj,NONE,DubPrt,Neg,gaa-minongwaanziiwaagobanen,gaa-<<minongwaan>>ziiwaagobanen,JDN-2010-MS-VAI-p36,,,
VAI,Pcp/PVSub/gaa,VAI_V,nagamo,nagamo,3PlProxSubj,3PlProxSubj,NONE,DubPrt,Neg,gaa-nagamosiiwaagobanen,gaa-<<nagamo>>siiwaagobanen,JDN-2010-MS-VAI-p36,,,
VAI,Pcp/PVSub/gaa,VAI_VV,nibaa,nibaa,3PlProxSubj,3PlProxSubj,NONE,DubPrt,Neg,gaa-nibaasiiwaagobanen,gaa-<<nibaa>>siiwaagobanen,NJ-ngs-2023Aug18; JDN-2010-MS-VAI-p36,,,
VAI,Pcp/PVSub/gaa,VAI_V,niimi,niimi,3PlProxSubj,3PlProxSubj,NONE,DubPrt,Neg,gaa-niimisiiwaagobanen,gaa-<<niimi>>siiwaagobanen,JDN-2010-MS-VAI-p36,,,
VAI,Pcp/PVSub/gaa,VAI_n,wanishin,wanishin,3PlProxSubj,3PlProxSubj,NONE,DubPrt,Neg,gaa-wanishinziiwaagobanen,gaa-<<wanishin>>ziiwaagobanen,JDN-2010-MS-VAI-p36,,,
VAI,Pcp/PVSub/gaa,VAI_VV,webinige,webinige,3PlProxSubj,3PlProxSubj,NONE,DubPrt,Neg,gaa-webinigesiiwaagobanen,gaa-<<webinige>>siiwaagobanen,JDN-2010-MS-VAI-p36,,,
VAI,Pcp/PVSub/gaa,VAI_am,zaaga'am,zaaga',3PlProxSubj,3PlProxSubj,NONE,DubPrt,Neg,gaa-zaaga'amowaagobanen,gaa-<<zaaga'>>amowaagobanen,JDN-2010-MS-VAI-p36,,,
VAI,Pcp/PVSub/gaa,VAI_VV,maajiibatoo,maajiibatoo,3PlProxSubj,3PlProxSubj,NONE,DubPrt,Pos,gaa-maajiibatoowaagobanen,gaa-<<maajiibatoo>>waagobanen,JDN-2010-MS-VAI-p35,,,
VAI,Pcp/PVSub/gaa,VAI_VV,madaabii,madaabii,3PlProxSubj,3PlProxSubj,NONE,DubPrt,Pos,gaa-madaabiiwaagobanen,gaa-<<madaabii>>waagobanen,JDN-2010-MS-VAI-p35,,,
VAI,Pcp/PVSub/gaa,VAI_m,minongwaam,minongwaam,3PlProxSubj,3PlProxSubj,NONE,DubPrt,Pos,gaa-minongwaamowaagobanen,gaa-<<minongwaam>>owaagobanen,JDN-2010-MS-VAI-p35,,,
VAI,Pcp/PVSub/gaa,VAI_V,nagamo,nagamo,3PlProxSubj,3PlProxSubj,NONE,DubPrt,Pos,gaa-nagamowaagobanen,gaa-<<nagamo>>waagobanen,JDN-2010-MS-VAI-p35,,,
VAI,Pcp/PVSub/gaa,VAI_VV,nibaa,nibaa,3PlProxSubj,3PlProxSubj,NONE,DubPrt,Pos,gaa-nibaawaagobanen,gaa-<<nibaa>>waagobanen,NJ-ngs-2023Aug18; JDN-2010-MS-VAI-p35,,,
VAI,Pcp/PVSub/gaa,VAI_V,niimi,niimi,3PlProxSubj,3PlProxSubj,NONE,DubPrt,Pos,gaa-niimiwaagobanen,gaa-<<niimi>>waagobanen,JDN-2010-MS-VAI-p35,,,
VAI,Pcp/PVSub/gaa,VAI_n,wanishin,wanishin,3PlProxSubj,3PlProxSubj,NONE,DubPrt,Pos,gaa-wanishinowaagobanen,gaa-<<wanishin>>owaagobanen,JDN-2010-MS-VAI-p35,,,
VAI,Pcp/PVSub/gaa,VAI_VV,webinige,webinige,3PlProxSubj,3PlProxSubj,NONE,DubPrt,Pos,gaa-webinigewaagobanen,gaa-<<webinige>>waagobanen,JDN-2010-MS-VAI-p35,,,
VAI,Pcp/PVSub/gaa,VAI_am,zaaga'am,zaaga',3PlProxSubj,3PlProxSubj,NONE,DubPrt,Pos,gaa-zaaga'amowaagobanen,gaa-<<zaaga'>>amowaagobanen,JDN-2010-MS-VAI-p35,,,
VAI,Pcp/PVSub/gaa,VAI_VV,maajiibatoo,maajiibatoo,3PlProxSubj,3PlProxSubj,NONE,Neu,Neg,gaa-maajiibatoosigwaa,gaa-<<maajiibatoo>>sigwaa,JDN-2010-MS-VAI-p24,,,
VAI,Pcp/PVSub/gaa,VAI_VV,madaabii,madaabii,3PlProxSubj,3PlProxSubj,NONE,Neu,Neg,gaa-madaabiisigwaa,gaa-<<madaabii>>sigwaa,JDN-2010-MS-VAI-p24,,,
VAI,Pcp/PVSub/gaa,VAI_m,minongwaam,minongwaam,3PlProxSubj,3PlProxSubj,NONE,Neu,Neg,gaa-minongwaanzigwaa,gaa-<<minongwaan>>zigwaa,JDN-2010-MS-VAI-p24,,,
VAI,Pcp/PVSub/gaa,VAI_V,nagamo,nagamo,3PlProxSubj,3PlProxSubj,NONE,Neu,Neg,gaa-nagamosigwaa,gaa-<<nagamo>>sigwaa,JDN-2010-MS-VAI-p24,,,
VAI,Pcp/PVSub/gaa,VAI_VV,nibaa,nibaa,3PlProxSubj,3PlProxSubj,NONE,Neu,Neg,gaa-nibaasigwaa,gaa-<<nibaa>>sigwaa,NJ-ngs-2023Aug18; JDN-2010-MS-VAI-p24,,,
VAI,Pcp/PVSub/gaa,VAI_V,niimi,niimi,3PlProxSubj,3PlProxSubj,NONE,Neu,Neg,gaa-niimisigwaa,gaa-<<niimi>>sigwaa,JDN-2010-MS-VAI-p24,,,
VAI,Pcp/PVSub/gaa,VAI_n,wanishin,wanishin,3PlProxSubj,3PlProxSubj,NONE,Neu,Neg,gaa-wanishinzigwaa,gaa-<<wanishin>>zigwaa,JDN-2010-MS-VAI-p24,,,
VAI,Pcp/PVSub/gaa,VAI_VV,webinige,webinige,3PlProxSubj,3PlProxSubj,NONE,Neu,Neg,gaa-webinigesigwaa,gaa-<<webinige>>sigwaa,JDN-2010-MS-VAI-p24,,,
VAI,Pcp/PVSub/gaa,VAI_am,zaaga'am,zaaga',3PlProxSubj,3PlProxSubj,NONE,Neu,Neg,gaa-zaaga'anzigwaa,gaa-<<zaaga'>>anzigwaa,JDN-2010-MS-VAI-p24,,,
VAI,Pcp/PVSub/gaa,VAI_VV,maajiibatoo,maajiibatoo,3PlProxSubj,3PlProxSubj,NONE,Neu,Pos,gaa-maajiibatoowaad,gaa-<<maajiibatoo>>waad,JDN-2010-MS-VAI-p23,,,
VAI,Pcp/PVSub/gaa,VAI_VV,madaabii,madaabii,3PlProxSubj,3PlProxSubj,NONE,Neu,Pos,gaa-madaabiiwaad,gaa-<<madaabii>>waad,JDN-2010-MS-VAI-p23,,,
VAI,Pcp/PVSub/gaa,VAI_m,minongwaam,minongwaam,3PlProxSubj,3PlProxSubj,NONE,Neu,Pos,gaa-minongwaamowaad,gaa-<<minongwaam>>owaad,JDN-2010-MS-VAI-p23,,,
VAI,Pcp/PVSub/gaa,VAI_V,nagamo,nagamo,3PlProxSubj,3PlProxSubj,NONE,Neu,Pos,gaa-nagamowaad,gaa-<<nagamo>>waad,JDN-2010-MS-VAI-p23,,,
VAI,Pcp/PVSub/gaa,VAI_VV,nibaa,nibaa,3PlProxSubj,3PlProxSubj,NONE,Neu,Pos,gaa-nibaawaad,gaa-<<nibaa>>waad,NJ-ngs-2023Aug18; JDN-2010-MS-VAI-p23,,,
VAI,Pcp/PVSub/gaa,VAI_V,niimi,niimi,3PlProxSubj,3PlProxSubj,NONE,Neu,Pos,gaa-niimiwaad,gaa-<<niimi>>waad,JDN-2010-MS-VAI-p23,,,
VAI,Pcp/PVSub/gaa,VAI_n,wanishin,wanishin,3PlProxSubj,3PlProxSubj,NONE,Neu,Pos,gaa-wanishinowaad,gaa-<<wanishin>>owaad,JDN-2010-MS-VAI-p23,,,
VAI,Pcp/PVSub/gaa,VAI_VV,webinige,webinige,3PlProxSubj,3PlProxSubj,NONE,Neu,Pos,gaa-webinigewaad,gaa-<<webinige>>waad,JDN-2010-MS-VAI-p23,,,
VAI,Pcp/PVSub/gaa,VAI_am,zaaga'am,zaaga',3PlProxSubj,3PlProxSubj,NONE,Neu,Pos,gaa-zaaga'amowaad,gaa-<<zaaga'>>amowaad,JDN-2010-MS-VAI-p23,,,
VAI,Pcp/PVSub/gaa,VAI_VV,maajiibatoo,maajiibatoo,3PlProxSubj,3PlProxSubj,NONE,Prt,Neg,gaa-maajiibatoosigwaaban,gaa-<<maajiibatoo>>sigwaaban,JDN-2010-MS-VAI-p28,,,
VAI,Pcp/PVSub/gaa,VAI_VV,madaabii,madaabii,3PlProxSubj,3PlProxSubj,NONE,Prt,Neg,gaa-madaabiisigwaaban,gaa-<<madaabii>>sigwaaban,JDN-2010-MS-VAI-p28,,,
VAI,Pcp/PVSub/gaa,VAI_m,minongwaam,minongwaam,3PlProxSubj,3PlProxSubj,NONE,Prt,Neg,gaa-minongwaanzigwaaban,gaa-<<minongwaan>>zigwaaban,JDN-2010-MS-VAI-p28,,,
VAI,Pcp/PVSub/gaa,VAI_V,nagamo,nagamo,3PlProxSubj,3PlProxSubj,NONE,Prt,Neg,gaa-nagamosigwaaban,gaa-<<nagamo>>sigwaaban,JDN-2010-MS-VAI-p28,,,
VAI,Pcp/PVSub/gaa,VAI_VV,nibaa,nibaa,3PlProxSubj,3PlProxSubj,NONE,Prt,Neg,gaa-nibaasigwaaban,gaa-<<nibaa>>sigwaaban,NJ-ngs-2023Aug18; JDN-2010-MS-VAI-p28,,,
VAI,Pcp/PVSub/gaa,VAI_V,niimi,niimi,3PlProxSubj,3PlProxSubj,NONE,Prt,Neg,gaa-niimisigwaaban,gaa-<<niimi>>sigwaaban,JDN-2010-MS-VAI-p28,,,
VAI,Pcp/PVSub/gaa,VAI_n,wanishin,wanishin,3PlProxSubj,3PlProxSubj,NONE,Prt,Neg,gaa-wanishinzigwaaban,gaa-<<wanishin>>zigwaaban,JDN-2010-MS-VAI-p28,,,
VAI,Pcp/PVSub/gaa,VAI_VV,webinige,webinige,3PlProxSubj,3PlProxSubj,NONE,Prt,Neg,gaa-webinigesigwaaban,gaa-<<webinige>>sigwaaban,JDN-2010-MS-VAI-p28,,,
VAI,Pcp/PVSub/gaa,VAI_am,zaaga'am,zaaga',3PlProxSubj,3PlProxSubj,NONE,Prt,Neg,gaa-zaaga'anzigwaaban,gaa-<<zaaga'>>anzigwaaban,JDN-2010-MS-VAI-p28,,,
VAI,Pcp/PVSub/gaa,VAI_VV,maajiibatoo,maajiibatoo,3PlProxSubj,3PlProxSubj,NONE,Prt,Pos,gaa-maajiibatoowaapan,gaa-<<maajiibatoo>>waapan,JDN-2010-MS-VAI-p27,,,
VAI,Pcp/PVSub/gaa,VAI_VV,madaabii,madaabii,3PlProxSubj,3PlProxSubj,NONE,Prt,Pos,gaa-madaabiiwaapan,gaa-<<madaabii>>waapan,JDN-2010-MS-VAI-p27,,,
VAI,Pcp/PVSub/gaa,VAI_m,minongwaam,minongwaam,3PlProxSubj,3PlProxSubj,NONE,Prt,Pos,gaa-minongwaamowaapan,gaa-<<minongwaam>>owaapan,JDN-2010-MS-VAI-p27,,,
VAI,Pcp/PVSub/gaa,VAI_V,nagamo,nagamo,3PlProxSubj,3PlProxSubj,NONE,Prt,Pos,gaa-nagamowaapan,gaa-<<nagamo>>waapan,JDN-2010-MS-VAI-p27,,,
VAI,Pcp/PVSub/gaa,VAI_VV,nibaa,nibaa,3PlProxSubj,3PlProxSubj,NONE,Prt,Pos,gaa-nibaawaapan,gaa-<<nibaa>>waapan,NJ-ngs-2023Aug18; JDN-2010-MS-VAI-p27,,,
VAI,Pcp/PVSub/gaa,VAI_V,niimi,niimi,3PlProxSubj,3PlProxSubj,NONE,Prt,Pos,gaa-niimiwaapan,gaa-<<niimi>>waapan,JDN-2010-MS-VAI-p27,,,
VAI,Pcp/PVSub/gaa,VAI_n,wanishin,wanishin,3PlProxSubj,3PlProxSubj,NONE,Prt,Pos,gaa-wanishinowaapan,gaa-<<wanishin>>owaapan,JDN-2010-MS-VAI-p27,,,
VAI,Pcp/PVSub/gaa,VAI_VV,webinige,webinige,3PlProxSubj,3PlProxSubj,NONE,Prt,Pos,gaa-webinigewaapan,gaa-<<webinige>>waapan,JDN-2010-MS-VAI-p27,,,
VAI,Pcp/PVSub/gaa,VAI_am,zaaga'am,zaaga',3PlProxSubj,3PlProxSubj,NONE,Prt,Pos,gaa-zaaga'amowaapan,gaa-<<zaaga'>>amowaapan,JDN-2010-MS-VAI-p27,,,
VAI,Pcp/PVSub/gaa,VAI_VV,maajiibatoo,maajiibatoo,3SgObvSubj,3SgObvSubj,NONE,Dub,Neg,gaa-maajiibatoosiinigwen,gaa-<<maajiibatoo>>siinigwen,JDN-2010-MS-VAI-p32,,,
VAI,Pcp/PVSub/gaa,VAI_VV,madaabii,madaabii,3SgObvSubj,3SgObvSubj,NONE,Dub,Neg,gaa-madaabiisiinigwen,gaa-<<madaabii>>siinigwen,JDN-2010-MS-VAI-p32,,,
VAI,Pcp/PVSub/gaa,VAI_m,minongwaam,minongwaam,3SgObvSubj,3SgObvSubj,NONE,Dub,Neg,gaa-minongwaanziinigwen,gaa-<<minongwaan>>ziinigwen,JDN-2010-MS-VAI-p32,,,
VAI,Pcp/PVSub/gaa,VAI_V,nagamo,nagamo,3SgObvSubj,3SgObvSubj,NONE,Dub,Neg,gaa-nagamosiinigwen,gaa-<<nagamo>>siinigwen,JDN-2010-MS-VAI-p32,,,
VAI,Pcp/PVSub/gaa,VAI_VV,nibaa,nibaa,3SgObvSubj,3SgObvSubj,NONE,Dub,Neg,gaa-nibaasiinigwen,gaa-<<nibaa>>siinigwen,NJ-ngs-2023Aug18; JDN-2010-MS-VAI-p32,,,
VAI,Pcp/PVSub/gaa,VAI_V,niimi,niimi,3SgObvSubj,3SgObvSubj,NONE,Dub,Neg,gaa-niimisiinigwen,gaa-<<niimi>>siinigwen,JDN-2010-MS-VAI-p32,,,
VAI,Pcp/PVSub/gaa,VAI_n,wanishin,wanishin,3SgObvSubj,3SgObvSubj,NONE,Dub,Neg,gaa-wanishinziinigwen,gaa-<<wanishin>>ziinigwen,JDN-2010-MS-VAI-p32,,,
VAI,Pcp/PVSub/gaa,VAI_VV,webinige,webinige,3SgObvSubj,3SgObvSubj,NONE,Dub,Neg,gaa-webinigesiinigwen,gaa-<<webinige>>siinigwen,JDN-2010-MS-VAI-p32,,,
VAI,Pcp/PVSub/gaa,VAI_am,zaaga'am,zaaga',3SgObvSubj,3SgObvSubj,NONE,Dub,Neg,gaa-zaaga'anziinigwen,gaa-<<zaaga'>>anziinigwen,JDN-2010-MS-VAI-p32,,,
VAI,Pcp/PVSub/gaa,VAI_VV,maajiibatoo,maajiibatoo,3SgObvSubj,3SgObvSubj,NONE,Dub,Pos,gaa-maajiibatoonigwen,gaa-<<maajiibatoo>>nigwen,JDN-2010-MS-VAI-p31,,,
VAI,Pcp/PVSub/gaa,VAI_VV,madaabii,madaabii,3SgObvSubj,3SgObvSubj,NONE,Dub,Pos,gaa-madaabiinigwen,gaa-<<madaabii>>nigwen,JDN-2010-MS-VAI-p31,,,
VAI,Pcp/PVSub/gaa,VAI_m,minongwaam,minongwaam,3SgObvSubj,3SgObvSubj,NONE,Dub,Pos,gaa-minongwaaminigwen,gaa-<<minongwaam>>inigwen,JDN-2010-MS-VAI-p31,,,
VAI,Pcp/PVSub/gaa,VAI_V,nagamo,nagamo,3SgObvSubj,3SgObvSubj,NONE,Dub,Pos,gaa-nagamonigwen,gaa-<<nagamo>>nigwen,JDN-2010-MS-VAI-p31,,,
VAI,Pcp/PVSub/gaa,VAI_VV,nibaa,nibaa,3SgObvSubj,3SgObvSubj,NONE,Dub,Pos,gaa-nibaanigwen,gaa-<<nibaa>>nigwen,NJ-ngs-2023Aug18; JDN-2010-MS-VAI-p31,,,
VAI,Pcp/PVSub/gaa,VAI_V,niimi,niimi,3SgObvSubj,3SgObvSubj,NONE,Dub,Pos,gaa-niiminigwen,gaa-<<niimi>>nigwen,JDN-2010-MS-VAI-p31,,,
VAI,Pcp/PVSub/gaa,VAI_n,wanishin,wanishin,3SgObvSubj,3SgObvSubj,NONE,Dub,Pos,gaa-wanishininigwen,gaa-<<wanishin>>inigwen,JDN-2010-MS-VAI-p31,,,
VAI,Pcp/PVSub/gaa,VAI_VV,webinige,webinige,3SgObvSubj,3SgObvSubj,NONE,Dub,Pos,gaa-webinigenigwen,gaa-<<webinige>>nigwen,JDN-2010-MS-VAI-p31,,,
VAI,Pcp/PVSub/gaa,VAI_am,zaaga'am,zaaga',3SgObvSubj,3SgObvSubj,NONE,Dub,Pos,gaa-zaaga'aminigwen,gaa-<<zaaga'>>aminigwen,JDN-2010-MS-VAI-p31,,,
VAI,Pcp/PVSub/gaa,VAI_VV,maajiibatoo,maajiibatoo,3SgObvSubj,3SgObvSubj,NONE,DubPrt,Neg,gaa-maajiibatoosiinigobanen,gaa-<<maajiibatoo>>siinigobanen,JDN-2010-MS-VAI-p36,,,
VAI,Pcp/PVSub/gaa,VAI_VV,madaabii,madaabii,3SgObvSubj,3SgObvSubj,NONE,DubPrt,Neg,gaa-madaabiisiinigobanen,gaa-<<madaabii>>siinigobanen,JDN-2010-MS-VAI-p36,,,
VAI,Pcp/PVSub/gaa,VAI_m,minongwaam,minongwaam,3SgObvSubj,3SgObvSubj,NONE,DubPrt,Neg,gaa-minongwaanziinigobanen,gaa-<<minongwaan>>ziinigobanen,JDN-2010-MS-VAI-p36,,,
VAI,Pcp/PVSub/gaa,VAI_V,nagamo,nagamo,3SgObvSubj,3SgObvSubj,NONE,DubPrt,Neg,gaa-nagamosiinigobanen,gaa-<<nagamo>>siinigobanen,JDN-2010-MS-VAI-p36,,,
VAI,Pcp/PVSub/gaa,VAI_VV,nibaa,nibaa,3SgObvSubj,3SgObvSubj,NONE,DubPrt,Neg,gaa-nibaasiinigobanen,gaa-<<nibaa>>siinigobanen,NJ-ngs-2023Aug18; JDN-2010-MS-VAI-p36,,,
VAI,Pcp/PVSub/gaa,VAI_V,niimi,niimi,3SgObvSubj,3SgObvSubj,NONE,DubPrt,Neg,gaa-niimisiinigobanen,gaa-<<niimi>>siinigobanen,JDN-2010-MS-VAI-p36,,,
VAI,Pcp/PVSub/gaa,VAI_n,wanishin,wanishin,3SgObvSubj,3SgObvSubj,NONE,DubPrt,Neg,gaa-wanishinziinigobanen,gaa-<<wanishin>>ziinigobanen,JDN-2010-MS-VAI-p36,,,
VAI,Pcp/PVSub/gaa,VAI_VV,webinige,webinige,3SgObvSubj,3SgObvSubj,NONE,DubPrt,Neg,gaa-webinigesiinigobanen,gaa-<<webinige>>siinigobanen,JDN-2010-MS-VAI-p36,,,
VAI,Pcp/PVSub/gaa,VAI_am,zaaga'am,zaaga',3SgObvSubj,3SgObvSubj,NONE,DubPrt,Neg,gaa-zaaga'aminigobanen,gaa-<<zaaga'>>aminigobanen,JDN-2010-MS-VAI-p36,,,
VAI,Pcp/PVSub/gaa,VAI_VV,maajiibatoo,maajiibatoo,3SgObvSubj,3SgObvSubj,NONE,DubPrt,Pos,gaa-maajiibatoonigobanen,gaa-<<maajiibatoo>>nigobanen,JDN-2010-MS-VAI-p35,,,
VAI,Pcp/PVSub/gaa,VAI_VV,madaabii,madaabii,3SgObvSubj,3SgObvSubj,NONE,DubPrt,Pos,gaa-madaabiinigobanen,gaa-<<madaabii>>nigobanen,JDN-2010-MS-VAI-p35,,,
VAI,Pcp/PVSub/gaa,VAI_m,minongwaam,minongwaam,3SgObvSubj,3SgObvSubj,NONE,DubPrt,Pos,gaa-minongwaaminigobanen,gaa-<<minongwaam>>inigobanen,JDN-2010-MS-VAI-p35,,,
VAI,Pcp/PVSub/gaa,VAI_V,nagamo,nagamo,3SgObvSubj,3SgObvSubj,NONE,DubPrt,Pos,gaa-nagamonigobanen,gaa-<<nagamo>>nigobanen,JDN-2010-MS-VAI-p35,,,
VAI,Pcp/PVSub/gaa,VAI_VV,nibaa,nibaa,3SgObvSubj,3SgObvSubj,NONE,DubPrt,Pos,gaa-nibaanigobanen,gaa-<<nibaa>>nigobanen,NJ-ngs-2023Aug18; JDN-2010-MS-VAI-p35,,,
VAI,Pcp/PVSub/gaa,VAI_V,niimi,niimi,3SgObvSubj,3SgObvSubj,NONE,DubPrt,Pos,gaa-niiminigobanen,gaa-<<niimi>>nigobanen,JDN-2010-MS-VAI-p35,,,
VAI,Pcp/PVSub/gaa,VAI_n,wanishin,wanishin,3SgObvSubj,3SgObvSubj,NONE,DubPrt,Pos,gaa-wanishininigobanen,gaa-<<wanishin>>inigobanen,JDN-2010-MS-VAI-p35,,,
VAI,Pcp/PVSub/gaa,VAI_VV,webinige,webinige,3SgObvSubj,3SgObvSubj,NONE,DubPrt,Pos,gaa-webinigenigobanen,gaa-<<webinige>>nigobanen,JDN-2010-MS-VAI-p35,,,
VAI,Pcp/PVSub/gaa,VAI_am,zaaga'am,zaaga',3SgObvSubj,3SgObvSubj,NONE,DubPrt,Pos,gaa-zaaga'aminigobanen,gaa-<<zaaga'>>aminigobanen,JDN-2010-MS-VAI-p35,,,
VAI,Pcp/PVSub/gaa,VAI_VV,maajiibatoo,maajiibatoo,3SgObvSubj,3SgObvSubj,NONE,Neu,Neg,gaa-maajiibatoosinid,gaa-<<maajiibatoo>>sinid,GUESS,gaa-maajiibatoosinig,gaa-<<maajiibatoo>>sinig,JDN-2010-MS-VAI-p24
VAI,Pcp/PVSub/gaa,VAI_VV,madaabii,madaabii,3SgObvSubj,3SgObvSubj,NONE,Neu,Neg,gaa-madaabiisinid,gaa-<<madaabii>>sinid,GUESS,gaa-madaabiisinig,gaa-<<madaabii>>sinig,JDN-2010-MS-VAI-p24
VAI,Pcp/PVSub/gaa,VAI_m,minongwaam,minongwaam,3SgObvSubj,3SgObvSubj,NONE,Neu,Neg,gaa-minongwaanzinid,gaa-<<minongwaan>>zinid,GUESS,gaa-minongwaanzinig,gaa-<<minongwaan>>zinig,JDN-2010-MS-VAI-p24
VAI,Pcp/PVSub/gaa,VAI_V,nagamo,nagamo,3SgObvSubj,3SgObvSubj,NONE,Neu,Neg,gaa-nagamosinid,gaa-<<nagamo>>sinid,GUESS,gaa-nagamosinig,gaa-<<nagamo>>sinig,JDN-2010-MS-VAI-p24
VAI,Pcp/PVSub/gaa,VAI_VV,nibaa,nibaa,3SgObvSubj,3SgObvSubj,NONE,Neu,Neg,gaa-nibaasinid,gaa-<<nibaa>>sinid,NJ-ngs-2023Aug18,gaa-nibaasinig,gaa-<<nibaa>>sinig,JDN-2010-MS-VAI-p24
VAI,Pcp/PVSub/gaa,VAI_V,niimi,niimi,3SgObvSubj,3SgObvSubj,NONE,Neu,Neg,gaa-niimisinid,gaa-<<niimi>>sinid,NJ-ngs-2023Aug18,gaa-niimisinig,gaa-<<niimi>>sinig,JDN-2010-MS-VAI-p24
VAI,Pcp/PVSub/gaa,VAI_n,wanishin,wanishin,3SgObvSubj,3SgObvSubj,NONE,Neu,Neg,gaa-wanishinzinid,gaa-<<wanishin>>zinid,NJ-ngs-2023Aug18,gaa-wanishinzinig,gaa-<<wanishin>>zinig,JDN-2010-MS-VAI-p24
VAI,Pcp/PVSub/gaa,VAI_VV,webinige,webinige,3SgObvSubj,3SgObvSubj,NONE,Neu,Neg,gaa-webinigesinid,gaa-<<webinige>>sinid,NJ-ngs-2023Aug18,gaa-webinigesinig,gaa-<<webinige>>sinig,JDN-2010-MS-VAI-p24
VAI,Pcp/PVSub/gaa,VAI_am,zaaga'am,zaaga',3SgObvSubj,3SgObvSubj,NONE,Neu,Neg,gaa-zaaga'anzinid,gaa-<<zaaga'>>anzinid,NJ-ngs-2023Aug18,gaa-zaaga'anzinig,gaa-<<zaaga'>>anzinig,JDN-2010-MS-VAI-p24
VAI,Pcp/PVSub/gaa,VAI_VV,maajiibatoo,maajiibatoo,3SgObvSubj,3SgObvSubj,NONE,Neu,Pos,gaa-maajiibatoonid,gaa-<<maajiibatoo>>nid,JDN-2010-MS-VAI-p23,,,
VAI,Pcp/PVSub/gaa,VAI_VV,madaabii,madaabii,3SgObvSubj,3SgObvSubj,NONE,Neu,Pos,gaa-madaabiinid,gaa-<<madaabii>>nid,JDN-2010-MS-VAI-p23,,,
VAI,Pcp/PVSub/gaa,VAI_m,minongwaam,minongwaam,3SgObvSubj,3SgObvSubj,NONE,Neu,Pos,gaa-minongwaaminid,gaa-<<minongwaam>>inid,JDN-2010-MS-VAI-p23,,,
VAI,Pcp/PVSub/gaa,VAI_V,nagamo,nagamo,3SgObvSubj,3SgObvSubj,NONE,Neu,Pos,gaa-nagamonid,gaa-<<nagamo>>nid,JDN-2010-MS-VAI-p23,,,
VAI,Pcp/PVSub/gaa,VAI_VV,nibaa,nibaa,3SgObvSubj,3SgObvSubj,NONE,Neu,Pos,gaa-nibaanid,gaa-<<nibaa>>nid,NJ-ngs-2023Aug18; JDN-2010-MS-VAI-p23,,,
VAI,Pcp/PVSub/gaa,VAI_V,niimi,niimi,3SgObvSubj,3SgObvSubj,NONE,Neu,Pos,gaa-niiminid,gaa-<<niimi>>nid,JDN-2010-MS-VAI-p23,,,
VAI,Pcp/PVSub/gaa,VAI_n,wanishin,wanishin,3SgObvSubj,3SgObvSubj,NONE,Neu,Pos,gaa-wanishininid,gaa-<<wanishin>>inid,JDN-2010-MS-VAI-p23,,,
VAI,Pcp/PVSub/gaa,VAI_VV,webinige,webinige,3SgObvSubj,3SgObvSubj,NONE,Neu,Pos,gaa-webinigenid,gaa-<<webinige>>nid,JDN-2010-MS-VAI-p23,,,
VAI,Pcp/PVSub/gaa,VAI_am,zaaga'am,zaaga',3SgObvSubj,3SgObvSubj,NONE,Neu,Pos,gaa-zaaga'aminid,gaa-<<zaaga'>>aminid,JDN-2010-MS-VAI-p23,,,
VAI,Pcp/PVSub/gaa,VAI_VV,maajiibatoo,maajiibatoo,3SgObvSubj,3SgObvSubj,NONE,Prt,Neg,gaa-maajiibatoosinigoban,gaa-<<maajiibatoo>>sinigoban,JDN-2010-MS-VAI-p28,,,
VAI,Pcp/PVSub/gaa,VAI_VV,madaabii,madaabii,3SgObvSubj,3SgObvSubj,NONE,Prt,Neg,gaa-madaabiisinigoban,gaa-<<madaabii>>sinigoban,JDN-2010-MS-VAI-p28,,,
VAI,Pcp/PVSub/gaa,VAI_m,minongwaam,minongwaam,3SgObvSubj,3SgObvSubj,NONE,Prt,Neg,gaa-minongwaanzinigoban,gaa-<<minongwaan>>zinigoban,JDN-2010-MS-VAI-p28,,,
VAI,Pcp/PVSub/gaa,VAI_V,nagamo,nagamo,3SgObvSubj,3SgObvSubj,NONE,Prt,Neg,gaa-nagamosinigoban,gaa-<<nagamo>>sinigoban,JDN-2010-MS-VAI-p28,,,
VAI,Pcp/PVSub/gaa,VAI_VV,nibaa,nibaa,3SgObvSubj,3SgObvSubj,NONE,Prt,Neg,gaa-nibaasinigoban,gaa-<<nibaa>>sinigoban,NJ-ngs-2023Aug18; JDN-2010-MS-VAI-p28,,,
VAI,Pcp/PVSub/gaa,VAI_V,niimi,niimi,3SgObvSubj,3SgObvSubj,NONE,Prt,Neg,gaa-niimisinigoban,gaa-<<niimi>>sinigoban,JDN-2010-MS-VAI-p28,,,
VAI,Pcp/PVSub/gaa,VAI_n,wanishin,wanishin,3SgObvSubj,3SgObvSubj,NONE,Prt,Neg,gaa-wanishinzinigoban,gaa-<<wanishin>>zinigoban,JDN-2010-MS-VAI-p28,,,
VAI,Pcp/PVSub/gaa,VAI_VV,webinige,webinige,3SgObvSubj,3SgObvSubj,NONE,Prt,Neg,gaa-webinigesinigoban,gaa-<<webinige>>sinigoban,JDN-2010-MS-VAI-p28,,,
VAI,Pcp/PVSub/gaa,VAI_am,zaaga'am,zaaga',3SgObvSubj,3SgObvSubj,NONE,Prt,Neg,gaa-zaaga'anzinigoban,gaa-<<zaaga'>>anzinigoban,JDN-2010-MS-VAI-p28,,,
VAI,Pcp/PVSub/gaa,VAI_VV,maajiibatoo,maajiibatoo,3SgObvSubj,3SgObvSubj,NONE,Prt,Pos,gaa-maajiibatoonipan,gaa-<<maajiibatoo>>nipan,JDN-2010-MS-VAI-p27,,,
VAI,Pcp/PVSub/gaa,VAI_VV,madaabii,madaabii,3SgObvSubj,3SgObvSubj,NONE,Prt,Pos,gaa-madaabiinipan,gaa-<<madaabii>>nipan,JDN-2010-MS-VAI-p27,,,
VAI,Pcp/PVSub/gaa,VAI_m,minongwaam,minongwaam,3SgObvSubj,3SgObvSubj,NONE,Prt,Pos,gaa-minongwaaminipan,gaa-<<minongwaam>>inipan,JDN-2010-MS-VAI-p27,,,
VAI,Pcp/PVSub/gaa,VAI_V,nagamo,nagamo,3SgObvSubj,3SgObvSubj,NONE,Prt,Pos,gaa-nagamonipan,gaa-<<nagamo>>nipan,JDN-2010-MS-VAI-p27,,,
VAI,Pcp/PVSub/gaa,VAI_VV,nibaa,nibaa,3SgObvSubj,3SgObvSubj,NONE,Prt,Pos,gaa-nibaanipan,gaa-<<nibaa>>nipan,NJ-ngs-2023Aug18; JDN-2010-MS-VAI-p27,,,
VAI,Pcp/PVSub/gaa,VAI_V,niimi,niimi,3SgObvSubj,3SgObvSubj,NONE,Prt,Pos,gaa-niiminipan,gaa-<<niimi>>nipan,JDN-2010-MS-VAI-p27,,,
VAI,Pcp/PVSub/gaa,VAI_n,wanishin,wanishin,3SgObvSubj,3SgObvSubj,NONE,Prt,Pos,gaa-wanishininipan,gaa-<<wanishin>>inipan,JDN-2010-MS-VAI-p27,,,
VAI,Pcp/PVSub/gaa,VAI_VV,webinige,webinige,3SgObvSubj,3SgObvSubj,NONE,Prt,Pos,gaa-webinigenipan,gaa-<<webinige>>nipan,JDN-2010-MS-VAI-p27,,,
VAI,Pcp/PVSub/gaa,VAI_am,zaaga'am,zaaga',3SgObvSubj,3SgObvSubj,NONE,Prt,Pos,gaa-zaaga'aminipan,gaa-<<zaaga'>>aminipan,JDN-2010-MS-VAI-p27,,,
VAI,Pcp/PVSub/gaa,VAI_VV,maajiibatoo,maajiibatoo,3SgProxSubj,3SgProxSubj,NONE,Dub,Neg,gaa-maajiibatoosiigwen,gaa-<<maajiibatoo>>siigwen,JDN-2010-MS-VAI-p32,,,
VAI,Pcp/PVSub/gaa,VAI_VV,madaabii,madaabii,3SgProxSubj,3SgProxSubj,NONE,Dub,Neg,gaa-madaabiisiigwen,gaa-<<madaabii>>siigwen,JDN-2010-MS-VAI-p32,,,
VAI,Pcp/PVSub/gaa,VAI_m,minongwaam,minongwaam,3SgProxSubj,3SgProxSubj,NONE,Dub,Neg,gaa-minongwaanziigwen,gaa-<<minongwaan>>ziigwen,JDN-2010-MS-VAI-p32,,,
VAI,Pcp/PVSub/gaa,VAI_V,nagamo,nagamo,3SgProxSubj,3SgProxSubj,NONE,Dub,Neg,gaa-nagamosiigwen,gaa-<<nagamo>>siigwen,JDN-2010-MS-VAI-p32,,,
VAI,Pcp/PVSub/gaa,VAI_VV,nibaa,nibaa,3SgProxSubj,3SgProxSubj,NONE,Dub,Neg,gaa-nibaasiigwen,gaa-<<nibaa>>siigwen,NJ-ngs-2023Aug18; JDN-2010-MS-VAI-p32,,,
VAI,Pcp/PVSub/gaa,VAI_V,niimi,niimi,3SgProxSubj,3SgProxSubj,NONE,Dub,Neg,gaa-niimisiigwen,gaa-<<niimi>>siigwen,JDN-2010-MS-VAI-p32,,,
VAI,Pcp/PVSub/gaa,VAI_n,wanishin,wanishin,3SgProxSubj,3SgProxSubj,NONE,Dub,Neg,gaa-wanishinziigwen,gaa-<<wanishin>>ziigwen,JDN-2010-MS-VAI-p32,,,
VAI,Pcp/PVSub/gaa,VAI_VV,webinige,webinige,3SgProxSubj,3SgProxSubj,NONE,Dub,Neg,gaa-webinigesiigwen,gaa-<<webinige>>siigwen,JDN-2010-MS-VAI-p32,,,
VAI,Pcp/PVSub/gaa,VAI_am,zaaga'am,zaaga',3SgProxSubj,3SgProxSubj,NONE,Dub,Neg,gaa-zaaga'anziigwen,gaa-<<zaaga'>>anziigwen,JDN-2010-MS-VAI-p32,,,
VAI,Pcp/PVSub/gaa,VAI_VV,maajiibatoo,maajiibatoo,3SgProxSubj,3SgProxSubj,NONE,Dub,Pos,gaa-maajiibatoogwen,gaa-<<maajiibatoo>>gwen,JDN-2010-MS-VAI-p31,,,
VAI,Pcp/PVSub/gaa,VAI_VV,madaabii,madaabii,3SgProxSubj,3SgProxSubj,NONE,Dub,Pos,gaa-madaabiigwen,gaa-<<madaabii>>gwen,JDN-2010-MS-VAI-p31,,,
VAI,Pcp/PVSub/gaa,VAI_m,minongwaam,minongwaam,3SgProxSubj,3SgProxSubj,NONE,Dub,Pos,gaa-minongwaamogwen,gaa-<<minongwaam>>ogwen,JDN-2010-MS-VAI-p31,,,
VAI,Pcp/PVSub/gaa,VAI_V,nagamo,nagamo,3SgProxSubj,3SgProxSubj,NONE,Dub,Pos,gaa-nagamogwen,gaa-<<nagamo>>gwen,JDN-2010-MS-VAI-p31,,,
VAI,Pcp/PVSub/gaa,VAI_VV,nibaa,nibaa,3SgProxSubj,3SgProxSubj,NONE,Dub,Pos,gaa-nibaagwen,gaa-<<nibaa>>gwen,NJ-ngs-2023Aug18; JDN-2010-MS-VAI-p31,,,
VAI,Pcp/PVSub/gaa,VAI_V,niimi,niimi,3SgProxSubj,3SgProxSubj,NONE,Dub,Pos,gaa-niimigwen,gaa-<<niimi>>gwen,JDN-2010-MS-VAI-p31,,,
VAI,Pcp/PVSub/gaa,VAI_n,wanishin,wanishin,3SgProxSubj,3SgProxSubj,NONE,Dub,Pos,gaa-wanishinogwen,gaa-<<wanishin>>ogwen,JDN-2010-MS-VAI-p31,,,
VAI,Pcp/PVSub/gaa,VAI_VV,webinige,webinige,3SgProxSubj,3SgProxSubj,NONE,Dub,Pos,gaa-webinigegwen,gaa-<<webinige>>gwen,JDN-2010-MS-VAI-p31,,,
VAI,Pcp/PVSub/gaa,VAI_am,zaaga'am,zaaga',3SgProxSubj,3SgProxSubj,NONE,Dub,Pos,gaa-zaaga'amogwen,gaa-<<zaaga'>>amogwen,JDN-2010-MS-VAI-p31,,,
VAI,Pcp/PVSub/gaa,VAI_VV,maajiibatoo,maajiibatoo,3SgProxSubj,3SgProxSubj,NONE,DubPrt,Neg,gaa-maajiibatoosiigobanen,gaa-<<maajiibatoo>>siigobanen,JDN-2010-MS-VAI-p36,,,
VAI,Pcp/PVSub/gaa,VAI_VV,madaabii,madaabii,3SgProxSubj,3SgProxSubj,NONE,DubPrt,Neg,gaa-madaabiisiigobanen,gaa-<<madaabii>>siigobanen,JDN-2010-MS-VAI-p36,,,
VAI,Pcp/PVSub/gaa,VAI_m,minongwaam,minongwaam,3SgProxSubj,3SgProxSubj,NONE,DubPrt,Neg,gaa-minongwaanziigobanen,gaa-<<minongwaan>>ziigobanen,JDN-2010-MS-VAI-p36,,,
VAI,Pcp/PVSub/gaa,VAI_V,nagamo,nagamo,3SgProxSubj,3SgProxSubj,NONE,DubPrt,Neg,gaa-nagamosiigobanen,gaa-<<nagamo>>siigobanen,JDN-2010-MS-VAI-p36,,,
VAI,Pcp/PVSub/gaa,VAI_VV,nibaa,nibaa,3SgProxSubj,3SgProxSubj,NONE,DubPrt,Neg,gaa-nibaasiigobanen,gaa-<<nibaa>>siigobanen,NJ-ngs-2023Aug18; JDN-2010-MS-VAI-p36,,,
VAI,Pcp/PVSub/gaa,VAI_V,niimi,niimi,3SgProxSubj,3SgProxSubj,NONE,DubPrt,Neg,gaa-niimisiigobanen,gaa-<<niimi>>siigobanen,JDN-2010-MS-VAI-p36,,,
VAI,Pcp/PVSub/gaa,VAI_n,wanishin,wanishin,3SgProxSubj,3SgProxSubj,NONE,DubPrt,Neg,gaa-wanishinziigobanen,gaa-<<wanishin>>ziigobanen,JDN-2010-MS-VAI-p36,,,
VAI,Pcp/PVSub/gaa,VAI_VV,webinige,webinige,3SgProxSubj,3SgProxSubj,NONE,DubPrt,Neg,gaa-webinigesiigobanen,gaa-<<webinige>>siigobanen,JDN-2010-MS-VAI-p36,,,
VAI,Pcp/PVSub/gaa,VAI_am,zaaga'am,zaaga',3SgProxSubj,3SgProxSubj,NONE,DubPrt,Neg,gaa-zaaga'amogobanen,gaa-<<zaaga'>>amogobanen,JDN-2010-MS-VAI-p36,,,
VAI,Pcp/PVSub/gaa,VAI_VV,maajiibatoo,maajiibatoo,3SgProxSubj,3SgProxSubj,NONE,DubPrt,Pos,gaa-maajiibatoogobanen,gaa-<<maajiibatoo>>gobanen,JDN-2010-MS-VAI-p35,,,
VAI,Pcp/PVSub/gaa,VAI_VV,madaabii,madaabii,3SgProxSubj,3SgProxSubj,NONE,DubPrt,Pos,gaa-madaabiigobanen,gaa-<<madaabii>>gobanen,JDN-2010-MS-VAI-p35,,,
VAI,Pcp/PVSub/gaa,VAI_m,minongwaam,minongwaam,3SgProxSubj,3SgProxSubj,NONE,DubPrt,Pos,gaa-minongwaamogobanen,gaa-<<minongwaam>>ogobanen,JDN-2010-MS-VAI-p35,,,
VAI,Pcp/PVSub/gaa,VAI_V,nagamo,nagamo,3SgProxSubj,3SgProxSubj,NONE,DubPrt,Pos,gaa-nagamogobanen,gaa-<<nagamo>>gobanen,JDN-2010-MS-VAI-p35,,,
VAI,Pcp/PVSub/gaa,VAI_VV,nibaa,nibaa,3SgProxSubj,3SgProxSubj,NONE,DubPrt,Pos,gaa-nibaagobanen,gaa-<<nibaa>>gobanen,NJ-ngs-2023Aug18; JDN-2010-MS-VAI-p35,,,
VAI,Pcp/PVSub/gaa,VAI_V,niimi,niimi,3SgProxSubj,3SgProxSubj,NONE,DubPrt,Pos,gaa-niimigobanen,gaa-<<niimi>>gobanen,JDN-2010-MS-VAI-p35,,,
VAI,Pcp/PVSub/gaa,VAI_n,wanishin,wanishin,3SgProxSubj,3SgProxSubj,NONE,DubPrt,Pos,gaa-wanishinogobanen,gaa-<<wanishin>>ogobanen,JDN-2010-MS-VAI-p35,,,
VAI,Pcp/PVSub/gaa,VAI_VV,webinige,webinige,3SgProxSubj,3SgProxSubj,NONE,DubPrt,Pos,gaa-webinigegobanen,gaa-<<webinige>>gobanen,JDN-2010-MS-VAI-p35,,,
VAI,Pcp/PVSub/gaa,VAI_am,zaaga'am,zaaga',3SgProxSubj,3SgProxSubj,NONE,DubPrt,Pos,gaa-zaaga'amogobanen,gaa-<<zaaga'>>amogobanen,JDN-2010-MS-VAI-p35,,,
VAI,Pcp/PVSub/gaa,VAI_VV,maajiibatoo,maajiibatoo,3SgProxSubj,3SgProxSubj,NONE,Neu,Neg,gaa-maajiibatoosig,gaa-<<maajiibatoo>>sig,JDN-2010-MS-VAI-p24,,,
VAI,Pcp/PVSub/gaa,VAI_VV,madaabii,madaabii,3SgProxSubj,3SgProxSubj,NONE,Neu,Neg,gaa-madaabiisig,gaa-<<madaabii>>sig,JDN-2010-MS-VAI-p24,,,
VAI,Pcp/PVSub/gaa,VAI_m,minongwaam,minongwaam,3SgProxSubj,3SgProxSubj,NONE,Neu,Neg,gaa-minongwaanzig,gaa-<<minongwaan>>zig,JDN-2010-MS-VAI-p24,,,
VAI,Pcp/PVSub/gaa,VAI_V,nagamo,nagamo,3SgProxSubj,3SgProxSubj,NONE,Neu,Neg,gaa-nagamosig,gaa-<<nagamo>>sig,JDN-2010-MS-VAI-p24,,,
VAI,Pcp/PVSub/gaa,VAI_VV,nibaa,nibaa,3SgProxSubj,3SgProxSubj,NONE,Neu,Neg,gaa-nibaasig,gaa-<<nibaa>>sig,NJ-ngs-2023Aug18; JDN-2010-MS-VAI-p24,,,
VAI,Pcp/PVSub/gaa,VAI_V,niimi,niimi,3SgProxSubj,3SgProxSubj,NONE,Neu,Neg,gaa-niimisig,gaa-<<niimi>>sig,JDN-2010-MS-VAI-p24,,,
VAI,Pcp/PVSub/gaa,VAI_n,wanishin,wanishin,3SgProxSubj,3SgProxSubj,NONE,Neu,Neg,gaa-wanishinzig,gaa-<<wanishin>>zig,JDN-2010-MS-VAI-p24,,,
VAI,Pcp/PVSub/gaa,VAI_VV,webinige,webinige,3SgProxSubj,3SgProxSubj,NONE,Neu,Neg,gaa-webinigesig,gaa-<<webinige>>sig,JDN-2010-MS-VAI-p24,,,
VAI,Pcp/PVSub/gaa,VAI_am,zaaga'am,zaaga',3SgProxSubj,3SgProxSubj,NONE,Neu,Neg,gaa-zaaga'anzig,gaa-<<zaaga'>>anzig,JDN-2010-MS-VAI-p24,,,
VAI,Pcp/PVSub/gaa,VAI_VV,maajiibatoo,maajiibatoo,3SgProxSubj,3SgProxSubj,NONE,Neu,Pos,gaa-maajiibatood,gaa-<<maajiibatoo>>d,JDN-2010-MS-VAI-p23,,,
VAI,Pcp/PVSub/gaa,VAI_VV,madaabii,madaabii,3SgProxSubj,3SgProxSubj,NONE,Neu,Pos,gaa-madaabiid,gaa-<<madaabii>>d,JDN-2010-MS-VAI-p23,,,
VAI,Pcp/PVSub/gaa,VAI_m,minongwaam,minongwaam,3SgProxSubj,3SgProxSubj,NONE,Neu,Pos,gaa-minongwaang,gaa-<<minongwaan>>g,JDN-2010-MS-VAI-p23,,,
VAI,Pcp/PVSub/gaa,VAI_V,nagamo,nagamo,3SgProxSubj,3SgProxSubj,NONE,Neu,Pos,gaa-nagamod,gaa-<<nagamo>>d,JDN-2010-MS-VAI-p23,,,
VAI,Pcp/PVSub/gaa,VAI_VV,nibaa,nibaa,3SgProxSubj,3SgProxSubj,NONE,Neu,Pos,gaa-nibaad,gaa-<<nibaa>>d,NJ-ngs-2023Aug18; JDN-2010-MS-VAI-p23,,,
VAI,Pcp/PVSub/gaa,VAI_V,niimi,niimi,3SgProxSubj,3SgProxSubj,NONE,Neu,Pos,gaa-niimid,gaa-<<niimi>>d,JDN-2010-MS-VAI-p23,,,
VAI,Pcp/PVSub/gaa,VAI_n,wanishin,wanishin,3SgProxSubj,3SgProxSubj,NONE,Neu,Pos,gaa-wanishing,gaa-<<wanishin>>g,JDN-2010-MS-VAI-p23,,,
VAI,Pcp/PVSub/gaa,VAI_VV,webinige,webinige,3SgProxSubj,3SgProxSubj,NONE,Neu,Pos,gaa-webiniged,gaa-<<webinige>>d,JDN-2010-MS-VAI-p23,,,
VAI,Pcp/PVSub/gaa,VAI_am,zaaga'am,zaaga',3SgProxSubj,3SgProxSubj,NONE,Neu,Pos,gaa-zaaga'ang,gaa-<<zaaga'>>ang,JDN-2010-MS-VAI-p23,,,
VAI,Pcp/PVSub/gaa,VAI_VV,maajiibatoo,maajiibatoo,3SgProxSubj,3SgProxSubj,NONE,Prt,Neg,gaa-maajiibatoosigoban,gaa-<<maajiibatoo>>sigoban,JDN-2010-MS-VAI-p28,,,
VAI,Pcp/PVSub/gaa,VAI_VV,madaabii,madaabii,3SgProxSubj,3SgProxSubj,NONE,Prt,Neg,gaa-madaabiisigoban,gaa-<<madaabii>>sigoban,JDN-2010-MS-VAI-p28,,,
VAI,Pcp/PVSub/gaa,VAI_m,minongwaam,minongwaam,3SgProxSubj,3SgProxSubj,NONE,Prt,Neg,gaa-minongwaanzigoban,gaa-<<minongwaan>>zigoban,JDN-2010-MS-VAI-p28,,,
VAI,Pcp/PVSub/gaa,VAI_V,nagamo,nagamo,3SgProxSubj,3SgProxSubj,NONE,Prt,Neg,gaa-nagamosigoban,gaa-<<nagamo>>sigoban,JDN-2010-MS-VAI-p28,,,
VAI,Pcp/PVSub/gaa,VAI_VV,nibaa,nibaa,3SgProxSubj,3SgProxSubj,NONE,Prt,Neg,gaa-nibaasigoban,gaa-<<nibaa>>sigoban,NJ-ngs-2023Aug18; JDN-2010-MS-VAI-p28,,,
VAI,Pcp/PVSub/gaa,VAI_V,niimi,niimi,3SgProxSubj,3SgProxSubj,NONE,Prt,Neg,gaa-niimisigoban,gaa-<<niimi>>sigoban,JDN-2010-MS-VAI-p28,,,
VAI,Pcp/PVSub/gaa,VAI_n,wanishin,wanishin,3SgProxSubj,3SgProxSubj,NONE,Prt,Neg,gaa-wanishinzigoban,gaa-<<wanishin>>zigoban,JDN-2010-MS-VAI-p28,,,
VAI,Pcp/PVSub/gaa,VAI_VV,webinige,webinige,3SgProxSubj,3SgProxSubj,NONE,Prt,Neg,gaa-webinigesigoban,gaa-<<webinige>>sigoban,JDN-2010-MS-VAI-p28,,,
VAI,Pcp/PVSub/gaa,VAI_am,zaaga'am,zaaga',3SgProxSubj,3SgProxSubj,NONE,Prt,Neg,gaa-zaaga'anzigoban,gaa-<<zaaga'>>anzigoban,JDN-2010-MS-VAI-p28,,,
VAI,Pcp/PVSub/gaa,VAI_VV,maajiibatoo,maajiibatoo,3SgProxSubj,3SgProxSubj,NONE,Prt,Pos,gaa-maajiibatoopan,gaa-<<maajiibatoo>>pan,JDN-2010-MS-VAI-p27,,,
VAI,Pcp/PVSub/gaa,VAI_VV,madaabii,madaabii,3SgProxSubj,3SgProxSubj,NONE,Prt,Pos,gaa-madaabiipan,gaa-<<madaabii>>pan,JDN-2010-MS-VAI-p27,,,
VAI,Pcp/PVSub/gaa,VAI_m,minongwaam,minongwaam,3SgProxSubj,3SgProxSubj,NONE,Prt,Pos,gaa-minongwaangiban,gaa-<<minongwaan>>giban,JDN-2010-MS-VAI-p27,,,
VAI,Pcp/PVSub/gaa,VAI_V,nagamo,nagamo,3SgProxSubj,3SgProxSubj,NONE,Prt,Pos,gaa-nagamopan,gaa-<<nagamo>>pan,JDN-2010-MS-VAI-p27,,,
VAI,Pcp/PVSub/gaa,VAI_VV,nibaa,nibaa,3SgProxSubj,3SgProxSubj,NONE,Prt,Pos,gaa-nibaapan,gaa-<<nibaa>>pan,NJ-ngs-2023Aug18; JDN-2010-MS-VAI-p27,,,
VAI,Pcp/PVSub/gaa,VAI_V,niimi,niimi,3SgProxSubj,3SgProxSubj,NONE,Prt,Pos,gaa-niimipan,gaa-<<niimi>>pan,JDN-2010-MS-VAI-p27,,,
VAI,Pcp/PVSub/gaa,VAI_n,wanishin,wanishin,3SgProxSubj,3SgProxSubj,NONE,Prt,Pos,gaa-wanishingiban,gaa-<<wanishin>>giban,JDN-2010-MS-VAI-p27,,,
VAI,Pcp/PVSub/gaa,VAI_VV,webinige,webinige,3SgProxSubj,3SgProxSubj,NONE,Prt,Pos,gaa-webinigepan,gaa-<<webinige>>pan,JDN-2010-MS-VAI-p27,,,
VAI,Pcp/PVSub/gaa,VAI_am,zaaga'am,zaaga',3SgProxSubj,3SgProxSubj,NONE,Prt,Pos,gaa-zaaga'angiban,gaa-<<zaaga'>>angiban,JDN-2010-MS-VAI-p27,,,