Paradigm,Order,Class,Lemma,Stem,Head,Subject,Object,Mode,Negation,Form1Surface,Form1Split,Form1Source,Form2Surface,Form2Split,Form2Source,Form3Surface,Form3Split,Form3Source
VAIO,Pcp,VAIO,adaawen,adaawe,0PlHead,1SgSubj,0PlObj,Dub,Neg,edaawesiiwaanenan,<ChCnj><<adaawe>>siiwaanenan,JDN-2010-MS-VTI-p36,,,,,,
VAIO,Pcp,VAIO,adaawen,adaawe,0PlHead,1SgSubj,0PlObj,Dub,Pos,edaawewaanenan,<ChCnj><<adaawe>>waanenan,JDN-2010-MS-VTI-p35,,,,,,
VAIO,Pcp,VAIO,adaawen,adaawe,0PlHead,1SgSubj,0PlObj,DubPrt,Neg,edaawesiiwaambaanenan,<ChCnj><<adaawe>>siiwaambaanenan,JDN-2010-MS-VTI-p40,,,,,,
VAIO,Pcp,VAIO,adaawen,adaawe,0PlHead,1SgSubj,0PlObj,DubPrt,Pos,edaawewaambaanenan,<ChCnj><<adaawe>>waambaanenan,JDN-2010-MS-VTI-p39,,,,,,
VAIO,Pcp,VAIO,adaawen,adaawe,0PlHead,1SgSubj,0PlObj,Neu,Neg,edaawesiwaanin,<ChCnj><<adaawe>>siwaanin,JDN-2010-MS-VTI-p28,,,,,,
VAIO,Pcp,VAIO,adaawen,adaawe,0PlHead,1SgSubj,0PlObj,Neu,Pos,edaaweyaanin,<ChCnj><<adaawe>>yaanin,JDN-2010-MS-VTI-p27,,,,,,
VAIO,Pcp,VAIO,adaawen,adaawe,0PlHead,1SgSubj,0PlObj,Prt,Neg,edaawesiwaambaaniin,<ChCnj><<adaawe>>siwaambaaniin,JDN-2010-MS-VTI-p32,,,,,,
VAIO,Pcp,VAIO,adaawen,adaawe,0PlHead,1SgSubj,0PlObj,Prt,Pos,edaaweyaambaaniin,<ChCnj><<adaawe>>yaambaaniin,JDN-2010-MS-VTI-p31,,,,,,
VAIO,Pcp,VAIO,adaawen,adaawe,0PlHead,2PlSubj,0PlObj,Dub,Neg,edaawesiiwegwenan,<ChCnj><<adaawe>>siiwegwenan,JDN-2010-MS-VTI-p36,,,,,,
VAIO,Pcp,VAIO,adaawen,adaawe,0PlHead,2PlSubj,0PlObj,Dub,Pos,edaawewegwenan,<ChCnj><<adaawe>>wegwenan,JDN-2010-MS-VTI-p35,,,,,,
VAIO,Pcp,VAIO,adaawen,adaawe,0PlHead,2PlSubj,0PlObj,DubPrt,Neg,edaawesiiwegobanenan,<ChCnj><<adaawe>>siiwegobanenan,JDN-2010-MS-VTI-p40,,,,,,
VAIO,Pcp,VAIO,adaawen,adaawe,0PlHead,2PlSubj,0PlObj,DubPrt,Pos,edaawewegobanenan,<ChCnj><<adaawe>>wegobanenan,JDN-2010-MS-VTI-p39,,,,,,
VAIO,Pcp,VAIO,adaawen,adaawe,0PlHead,2PlSubj,0PlObj,Neu,Neg,edaawesiwegin,<ChCnj><<adaawe>>siwegin,JDN-2010-MS-VTI-p28,,,,,,
VAIO,Pcp,VAIO,adaawen,adaawe,0PlHead,2PlSubj,0PlObj,Neu,Pos,edaaweyegin,<ChCnj><<adaawe>>yegin,JDN-2010-MS-VTI-p27,,,,,,
VAIO,Pcp,VAIO,adaawen,adaawe,0PlHead,2PlSubj,0PlObj,Prt,Neg,edaawesiwegobaniin,<ChCnj><<adaawe>>siwegobaniin,JDN-2010-MS-VTI-p32,,,,,,
VAIO,Pcp,VAIO,adaawen,adaawe,0PlHead,2PlSubj,0PlObj,Prt,Pos,edaaweyegobaniin,<ChCnj><<adaawe>>yegobaniin,JDN-2010-MS-VTI-p31,,,,,,
VAIO,Pcp,VAIO,adaawen,adaawe,0PlHead,2SgSubj,0PlObj,Dub,Neg,edaawesiiwanenan,<ChCnj><<adaawe>>siiwanenan,JDN-2010-MS-VTI-p36,,,,,,
VAIO,Pcp,VAIO,adaawen,adaawe,0PlHead,2SgSubj,0PlObj,Dub,Pos,edaawewanenan,<ChCnj><<adaawe>>wanenan,JDN-2010-MS-VTI-p35,,,,,,
VAIO,Pcp,VAIO,adaawen,adaawe,0PlHead,2SgSubj,0PlObj,DubPrt,Neg,edaawesiiwambanenan,<ChCnj><<adaawe>>siiwambanenan,JDN-2010-MS-VTI-p40,,,,,,
VAIO,Pcp,VAIO,adaawen,adaawe,0PlHead,2SgSubj,0PlObj,DubPrt,Pos,edaawewambanenan,<ChCnj><<adaawe>>wambanenan,JDN-2010-MS-VTI-p39,,,,,,
VAIO,Pcp,VAIO,adaawen,adaawe,0PlHead,2SgSubj,0PlObj,Neu,Neg,edaawesiwanin,<ChCnj><<adaawe>>siwanin,JDN-2010-MS-VTI-p28,,,,,,
VAIO,Pcp,VAIO,adaawen,adaawe,0PlHead,2SgSubj,0PlObj,Neu,Pos,edaaweyanin,<ChCnj><<adaawe>>yanin,JDN-2010-MS-VTI-p27,,,,,,
VAIO,Pcp,VAIO,adaawen,adaawe,0PlHead,2SgSubj,0PlObj,Prt,Neg,edaawesiwambaniin,<ChCnj><<adaawe>>siwambaniin,JDN-2010-MS-VTI-p32,,,,,,
VAIO,Pcp,VAIO,adaawen,adaawe,0PlHead,2SgSubj,0PlObj,Prt,Pos,edaaweyambaniin,<ChCnj><<adaawe>>yambaniin,JDN-2010-MS-VTI-p31,,,,,,
VAIO,Pcp,VAIO,adaawen,adaawe,0PlHead,3PlObvSubj,0PlObj,Dub,Neg,edaawesiinigwenan,<ChCnj><<adaawe>>siinigwenan,JDN-2010-MS-VTI-p36,,,,,,
VAIO,Pcp,VAIO,adaawen,adaawe,0PlHead,3PlObvSubj,0PlObj,Dub,Pos,edaawenigwenan,<ChCnj><<adaawe>>nigwenan,JDN-2010-MS-VTI-p35,,,,,,
VAIO,Pcp,VAIO,adaawen,adaawe,0PlHead,3PlObvSubj,0PlObj,DubPrt,Neg,edaawesiinigobanenan,<ChCnj><<adaawe>>siinigobanenan,JDN-2010-MS-VTI-p40,,,,,,
VAIO,Pcp,VAIO,adaawen,adaawe,0PlHead,3PlObvSubj,0PlObj,DubPrt,Pos,edaawenigobanenan,<ChCnj><<adaawe>>nigobanenan,JDN-2010-MS-VTI-p39,,,,,,
VAIO,Pcp,VAIO,adaawen,adaawe,0PlHead,3PlObvSubj,0PlObj,Neu,Neg,edaawesinijin,<ChCnj><<adaawe>>sinijin,JDN-2010-MS-VTI-p28,,,,,,
VAIO,Pcp,VAIO,adaawen,adaawe,0PlHead,3PlObvSubj,0PlObj,Neu,Pos,edaawenijin,<ChCnj><<adaawe>>nijin,JDN-2010-MS-VTI-p27,,,,,,
VAIO,Pcp,VAIO,adaawen,adaawe,0PlHead,3PlObvSubj,0PlObj,Prt,Neg,edaawesinigobaniin,<ChCnj><<adaawe>>sinigobaniin,JDN-2010-MS-VTI-p32,,,,,,
VAIO,Pcp,VAIO,adaawen,adaawe,0PlHead,3PlObvSubj,0PlObj,Prt,Pos,edaawenipaniin,<ChCnj><<adaawe>>nipaniin,JDN-2010-MS-VTI-p31,,,,,,
VAIO,Pcp,VAIO,adaawen,adaawe,3PlObvHead,3PlObvSubj,0PlObj,Dub,Neg,edaawesiinigwenan,<ChCnj><<adaawe>>siinigwenan,JDN-2010-MS-VTI-p36,,,,,,
VAIO,Pcp,VAIO,adaawen,adaawe,3PlObvHead,3PlObvSubj,0PlObj,Dub,Pos,edaawenigwenan,<ChCnj><<adaawe>>nigwenan,JDN-2010-MS-VTI-p35,,,,,,
VAIO,Pcp,VAIO,adaawen,adaawe,3PlObvHead,3PlObvSubj,0PlObj,DubPrt,Neg,edaawesiinigobanenan,<ChCnj><<adaawe>>siinigobanenan,JDN-2010-MS-VTI-p40,,,,,,
VAIO,Pcp,VAIO,adaawen,adaawe,3PlObvHead,3PlObvSubj,0PlObj,DubPrt,Pos,edaawenigobanenan,<ChCnj><<adaawe>>nigobanenan,JDN-2010-MS-VTI-p39,,,,,,
VAIO,Pcp,VAIO,adaawen,adaawe,3PlObvHead,3PlObvSubj,0PlObj,Neu,Neg,edaawesinijin,<ChCnj><<adaawe>>sinijin,GUESS,,,,,,
VAIO,Pcp,VAIO,adaawen,adaawe,3PlObvHead,3PlObvSubj,0PlObj,Neu,Pos,edaawenijin,<ChCnj><<adaawe>>nijin,JDN-2010-MS-VTI-p27,,,,,,
VAIO,Pcp,VAIO,adaawen,adaawe,3PlObvHead,3PlObvSubj,0PlObj,Prt,Neg,edaawesinigobaniin,<ChCnj><<adaawe>>sinigobaniin,JDN-2010-MS-VTI-p32,,,,,,
VAIO,Pcp,VAIO,adaawen,adaawe,3PlObvHead,3PlObvSubj,0PlObj,Prt,Pos,edaawenipaniin,<ChCnj><<adaawe>>nipaniin,JDN-2010-MS-VTI-p31,,,,,,
VAIO,Pcp,VAIO,adaawen,adaawe,0PlHead,3PlProxSubj,0PlObj,Dub,Neg,edaawesiiwaagwenan,<ChCnj><<adaawe>>siiwaagwenan,JDN-2010-MS-VTI-p36,,,,,,
VAIO,Pcp,VAIO,adaawen,adaawe,0PlHead,3PlProxSubj,0PlObj,Dub,Pos,edaawewaagwenan,<ChCnj><<adaawe>>waagwenan,JDN-2010-MS-VTI-p35,,,,,,
VAIO,Pcp,VAIO,adaawen,adaawe,0PlHead,3PlProxSubj,0PlObj,DubPrt,Neg,edaawesiiwaagobanenan,<ChCnj><<adaawe>>siiwaagobanenan,JDN-2010-MS-VTI-p40,,,,,,
VAIO,Pcp,VAIO,adaawen,adaawe,0PlHead,3PlProxSubj,0PlObj,DubPrt,Pos,edaawewaagobanenan,<ChCnj><<adaawe>>waagobanenan,JDN-2010-MS-VTI-p39,,,,,,
VAIO,Pcp,VAIO,adaawen,adaawe,0PlHead,3PlProxSubj,0PlObj,Neu,Neg,edaawesiwaajin,<ChCnj><<adaawe>>siwaajin,JDN-2010-MS-VTI-p28,,,,,,
VAIO,Pcp,VAIO,adaawen,adaawe,0PlHead,3PlProxSubj,0PlObj,Neu,Pos,edaawewaajin,<ChCnj><<adaawe>>waajin,JDN-2010-MS-VTI-p27,,,,,,
VAIO,Pcp,VAIO,adaawen,adaawe,0PlHead,3PlProxSubj,0PlObj,Prt,Neg,edaawesigwaabaniin,<ChCnj><<adaawe>>sigwaabaniin,JDN-2010-MS-VTI-p32,,,,,,
VAIO,Pcp,VAIO,adaawen,adaawe,0PlHead,3PlProxSubj,0PlObj,Prt,Pos,edaawewaapaniin,<ChCnj><<adaawe>>waapaniin,JDN-2010-MS-VTI-p31,,,,,,
VAIO,Pcp,VAIO,adaawen,adaawe,3PlProxHead,3PlProxSubj,0PlObj,Dub,Neg,edaawesiigwenag,<ChCnj><<adaawe>>siigwenag,JDN-2010-MS-VTI-p36,,,,,,
VAIO,Pcp,VAIO,adaawen,adaawe,3PlProxHead,3PlProxSubj,0PlObj,Dub,Pos,edaawegwenag,<ChCnj><<adaawe>>gwenag,JDN-2010-MS-VTI-p35,,,,,,
VAIO,Pcp,VAIO,adaawen,adaawe,3PlProxHead,3PlProxSubj,0PlObj,DubPrt,Neg,edaawesiigobanenag,<ChCnj><<adaawe>>siigobanenag,JDN-2010-MS-VTI-p40,,,,,,
VAIO,Pcp,VAIO,adaawen,adaawe,3PlProxHead,3PlProxSubj,0PlObj,DubPrt,Pos,edaawegobanenag,<ChCnj><<adaawe>>gobanenag,JDN-2010-MS-VTI-p39,,,,,,
VAIO,Pcp,VAIO,adaawen,adaawe,3PlProxHead,3PlProxSubj,0PlObj,Neu,Neg,edaawesijig,<ChCnj><<adaawe>>sijig,JDN-2010-MS-VTI-p28,,,,,,
VAIO,Pcp,VAIO,adaawen,adaawe,3PlProxHead,3PlProxSubj,0PlObj,Neu,Pos,edaawejig,<ChCnj><<adaawe>>jig,JDN-2010-MS-VTI-p27,,,,,,
VAIO,Pcp,VAIO,adaawen,adaawe,3PlProxHead,3PlProxSubj,0PlObj,Prt,Neg,edaawesigobaniig,<ChCnj><<adaawe>>sigobaniig,JDN-2010-MS-VTI-p32,,,,,,
VAIO,Pcp,VAIO,adaawen,adaawe,3PlProxHead,3PlProxSubj,0PlObj,Prt,Pos,edaawepaniig,<ChCnj><<adaawe>>paniig,JDN-2010-MS-VTI-p31,,,,,,
VAIO,Pcp,VAIO,adaawen,adaawe,0PlHead,3SgObvSubj,0PlObj,Dub,Neg,edaawesiinigwenan,<ChCnj><<adaawe>>siinigwenan,JDN-2010-MS-VTI-p36,,,,,,
VAIO,Pcp,VAIO,adaawen,adaawe,0PlHead,3SgObvSubj,0PlObj,Dub,Pos,edaawenigwenan,<ChCnj><<adaawe>>nigwenan,JDN-2010-MS-VTI-p35,,,,,,
VAIO,Pcp,VAIO,adaawen,adaawe,0PlHead,3SgObvSubj,0PlObj,DubPrt,Neg,edaawesiinigobanenan,<ChCnj><<adaawe>>siinigobanenan,JDN-2010-MS-VTI-p40,,,,,,
VAIO,Pcp,VAIO,adaawen,adaawe,0PlHead,3SgObvSubj,0PlObj,DubPrt,Pos,edaawenigobanenan,<ChCnj><<adaawe>>nigobanenan,JDN-2010-MS-VTI-p39,,,,,,
VAIO,Pcp,VAIO,adaawen,adaawe,0PlHead,3SgObvSubj,0PlObj,Neu,Neg,edaawesinijin,<ChCnj><<adaawe>>sinijin,JDN-2010-MS-VTI-p28,,,,,,
VAIO,Pcp,VAIO,adaawen,adaawe,0PlHead,3SgObvSubj,0PlObj,Neu,Pos,edaawenijin,<ChCnj><<adaawe>>nijin,JDN-2010-MS-VTI-p27,,,,,,
VAIO,Pcp,VAIO,adaawen,adaawe,0PlHead,3SgObvSubj,0PlObj,Prt,Neg,edaawesinigobaniin,<ChCnj><<adaawe>>sinigobaniin,JDN-2010-MS-VTI-p32,,,,,,
VAIO,Pcp,VAIO,adaawen,adaawe,0PlHead,3SgObvSubj,0PlObj,Prt,Pos,edaawenipaniin,<ChCnj><<adaawe>>nipaniin,JDN-2010-MS-VTI-p31,,,,,,
VAIO,Pcp,VAIO,adaawen,adaawe,3SgObvHead,3SgObvSubj,0PlObj,Dub,Neg,edaawesiinigwenan,<ChCnj><<adaawe>>siinigwenan,JDN-2010-MS-VTI-p36,,,,,,
VAIO,Pcp,VAIO,adaawen,adaawe,3SgObvHead,3SgObvSubj,0PlObj,Dub,Pos,edaawenigwenan,<ChCnj><<adaawe>>nigwenan,JDN-2010-MS-VTI-p35,,,,,,
VAIO,Pcp,VAIO,adaawen,adaawe,3SgObvHead,3SgObvSubj,0PlObj,DubPrt,Neg,edaawesiinigobanenan,<ChCnj><<adaawe>>siinigobanenan,JDN-2010-MS-VTI-p40,,,,,,
VAIO,Pcp,VAIO,adaawen,adaawe,3SgObvHead,3SgObvSubj,0PlObj,DubPrt,Pos,edaawenigobanenan,<ChCnj><<adaawe>>nigobanenan,JDN-2010-MS-VTI-p39,,,,,,
VAIO,Pcp,VAIO,adaawen,adaawe,3SgObvHead,3SgObvSubj,0PlObj,Neu,Neg,edaawesinijin,<ChCnj><<adaawe>>sinijin,GUESS,,,,,,
VAIO,Pcp,VAIO,adaawen,adaawe,3SgObvHead,3SgObvSubj,0PlObj,Neu,Pos,edaawenijin,<ChCnj><<adaawe>>nijin,JDN-2010-MS-VTI-p27,,,,,,
VAIO,Pcp,VAIO,adaawen,adaawe,3SgObvHead,3SgObvSubj,0PlObj,Prt,Neg,edaawesinigobaniin,<ChCnj><<adaawe>>sinigobaniin,JDN-2010-MS-VTI-p32,,,,,,
VAIO,Pcp,VAIO,adaawen,adaawe,3SgObvHead,3SgObvSubj,0PlObj,Prt,Pos,edaawenipaniin,<ChCnj><<adaawe>>nipaniin,JDN-2010-MS-VTI-p31,,,,,,
VAIO,Pcp,VAIO,adaawen,adaawe,0PlHead,3SgProxSubj,0PlObj,Dub,Neg,edaawesiigwenan,<ChCnj><<adaawe>>siigwenan,JDN-2010-MS-VTI-p36,,,,,,
VAIO,Pcp,VAIO,adaawen,adaawe,0PlHead,3SgProxSubj,0PlObj,Dub,Pos,edaawegwenan,<ChCnj><<adaawe>>gwenan,JDN-2010-MS-VTI-p35,,,,,,
VAIO,Pcp,VAIO,adaawen,adaawe,0PlHead,3SgProxSubj,0PlObj,DubPrt,Neg,edaawesiigobanenan,<ChCnj><<adaawe>>siigobanenan,JDN-2010-MS-VTI-p40,,,,,,
VAIO,Pcp,VAIO,adaawen,adaawe,0PlHead,3SgProxSubj,0PlObj,DubPrt,Pos,edaawegobanenan,<ChCnj><<adaawe>>gobanenan,JDN-2010-MS-VTI-p39,,,,,,
VAIO,Pcp,VAIO,adaawen,adaawe,0PlHead,3SgProxSubj,0PlObj,Neu,Neg,edaawesijin,<ChCnj><<adaawe>>sijin,JDN-2010-MS-VTI-p28,,,,,,
VAIO,Pcp,VAIO,adaawen,adaawe,0PlHead,3SgProxSubj,0PlObj,Neu,Pos,edaawejin,<ChCnj><<adaawe>>jin,JDN-2010-MS-VTI-p27,,,,,,
VAIO,Pcp,VAIO,adaawen,adaawe,0PlHead,3SgProxSubj,0PlObj,Prt,Neg,edaawesigobaniin,<ChCnj><<adaawe>>sigobaniin,JDN-2010-MS-VTI-p32,,,,,,
VAIO,Pcp,VAIO,adaawen,adaawe,0PlHead,3SgProxSubj,0PlObj,Prt,Pos,edaawepaniin,<ChCnj><<adaawe>>paniin,JDN-2010-MS-VTI-p31,,,,,,
VAIO,Pcp,VAIO,adaawen,adaawe,3SgProxHead,3SgProxSubj,0PlObj,Dub,Neg,edaawesiigwen,<ChCnj><<adaawe>>siigwen,JDN-2010-MS-VTI-p36,,,,,,
VAIO,Pcp,VAIO,adaawen,adaawe,3SgProxHead,3SgProxSubj,0PlObj,Dub,Pos,edaawegwen,<ChCnj><<adaawe>>gwen,JDN-2010-MS-VTI-p35,,,,,,
VAIO,Pcp,VAIO,adaawen,adaawe,3SgProxHead,3SgProxSubj,0PlObj,DubPrt,Neg,edaawesiigobanen,<ChCnj><<adaawe>>siigobanen,JDN-2010-MS-VTI-p40,,,,,,
VAIO,Pcp,VAIO,adaawen,adaawe,3SgProxHead,3SgProxSubj,0PlObj,DubPrt,Pos,edaawegobanen,<ChCnj><<adaawe>>gobanen,JDN-2010-MS-VTI-p39,,,,,,
VAIO,Pcp,VAIO,adaawen,adaawe,3SgProxHead,3SgProxSubj,0PlObj,Neu,Neg,edaawesig,<ChCnj><<adaawe>>sig,JDN-2010-MS-VTI-p28,,,,,,
VAIO,Pcp,VAIO,adaawen,adaawe,3SgProxHead,3SgProxSubj,0PlObj,Neu,Pos,edaawed,<ChCnj><<adaawe>>d,JDN-2010-MS-VTI-p27,,,,,,
VAIO,Pcp,VAIO,adaawen,adaawe,3SgProxHead,3SgProxSubj,0PlObj,Prt,Neg,edaawesigoban,<ChCnj><<adaawe>>sigoban,JDN-2010-MS-VTI-p32,,,,,,
VAIO,Pcp,VAIO,adaawen,adaawe,3SgProxHead,3SgProxSubj,0PlObj,Prt,Pos,edaawepan,<ChCnj><<adaawe>>pan,JDN-2010-MS-VTI-p31,,,,,,
VAIO,Pcp,VAIO,adaawen,adaawe,0PlHead,ExclSubj,0PlObj,Dub,Neg,edaawesiiwaangenan,<ChCnj><<adaawe>>siiwaangenan,JDN-2010-MS-VTI-p36,,,,,,
VAIO,Pcp,VAIO,adaawen,adaawe,0PlHead,ExclSubj,0PlObj,Dub,Pos,edaawewaangenan,<ChCnj><<adaawe>>waangenan,JDN-2010-MS-VTI-p35,,,,,,
VAIO,Pcp,VAIO,adaawen,adaawe,0PlHead,ExclSubj,0PlObj,DubPrt,Neg,edaawesiiwaangibanenan,<ChCnj><<adaawe>>siiwaangibanenan,JDN-2010-MS-VTI-p40,,,,,,
VAIO,Pcp,VAIO,adaawen,adaawe,0PlHead,ExclSubj,0PlObj,DubPrt,Pos,edaawewaangibanenan,<ChCnj><<adaawe>>waangibanenan,JDN-2010-MS-VTI-p39,,,,,,
VAIO,Pcp,VAIO,adaawen,adaawe,0PlHead,ExclSubj,0PlObj,Neu,Neg,edaawesiwaangin,<ChCnj><<adaawe>>siwaangin,JDN-2010-MS-VTI-p28,,,,,,
VAIO,Pcp,VAIO,adaawen,adaawe,0PlHead,ExclSubj,0PlObj,Neu,Pos,edaaweyaangin,<ChCnj><<adaawe>>yaangin,JDN-2010-MS-VTI-p27,,,,,,
VAIO,Pcp,VAIO,adaawen,adaawe,0PlHead,ExclSubj,0PlObj,Prt,Neg,edaawesiwaangibaniin,<ChCnj><<adaawe>>siwaangibaniin,JDN-2010-MS-VTI-p32,,,,,,
VAIO,Pcp,VAIO,adaawen,adaawe,0PlHead,ExclSubj,0PlObj,Prt,Pos,edaaweyaangibaniin,<ChCnj><<adaawe>>yaangibaniin,JDN-2010-MS-VTI-p31,,,,,,
VAIO,Pcp,VAIO,adaawen,adaawe,0PlHead,InclSubj,0PlObj,Dub,Neg,edaawesiiwangenan,<ChCnj><<adaawe>>siiwangenan,JDN-2010-MS-VTI-p36,,,,,,
VAIO,Pcp,VAIO,adaawen,adaawe,0PlHead,InclSubj,0PlObj,Dub,Pos,edaawewangenan,<ChCnj><<adaawe>>wangenan,JDN-2010-MS-VTI-p35,,,,,,
VAIO,Pcp,VAIO,adaawen,adaawe,0PlHead,InclSubj,0PlObj,DubPrt,Neg,edaawesiiwangibanenan,<ChCnj><<adaawe>>siiwangibanenan,JDN-2010-MS-VTI-p40,,,,,,
VAIO,Pcp,VAIO,adaawen,adaawe,0PlHead,InclSubj,0PlObj,DubPrt,Pos,edaawewangibanenan,<ChCnj><<adaawe>>wangibanenan,JDN-2010-MS-VTI-p39,,,,,,
VAIO,Pcp,VAIO,adaawen,adaawe,0PlHead,InclSubj,0PlObj,Neu,Neg,edaawesiwangin,<ChCnj><<adaawe>>siwangin,JDN-2010-MS-VTI-p28,,,,,,
VAIO,Pcp,VAIO,adaawen,adaawe,0PlHead,InclSubj,0PlObj,Neu,Pos,edaaweyangin,<ChCnj><<adaawe>>yangin,JDN-2010-MS-VTI-p27,,,,,,
VAIO,Pcp,VAIO,adaawen,adaawe,0PlHead,InclSubj,0PlObj,Prt,Neg,edaawesiwangibaniin,<ChCnj><<adaawe>>siwangibaniin,JDN-2010-MS-VTI-p32,,,,,,
VAIO,Pcp,VAIO,adaawen,adaawe,0PlHead,InclSubj,0PlObj,Prt,Pos,edaaweyangobaniin,<ChCnj><<adaawe>>yangobaniin,GUESS,,,,,,
VAIO,Pcp,VAIO,adaawen,adaawe,0PlHead,XSubj,0PlObj,Dub,Neg,edaawesiiwiingenan,<ChCnj><<adaawe>>siiwiingenan,JDN-2010-MS-VTI-p36,,,,,,
VAIO,Pcp,VAIO,adaawen,adaawe,0PlHead,XSubj,0PlObj,Dub,Pos,edaawewiingenan,<ChCnj><<adaawe>>wiingenan,JDN-2010-MS-VTI-p35,,,,,,
VAIO,Pcp,VAIO,adaawen,adaawe,0PlHead,XSubj,0PlObj,DubPrt,Neg,edaawesiiwiingibanenan,<ChCnj><<adaawe>>siiwiingibanenan,JDN-2010-MS-VTI-p40,,,,,,
VAIO,Pcp,VAIO,adaawen,adaawe,0PlHead,XSubj,0PlObj,DubPrt,Pos,edaawewiingibanenan,<ChCnj><<adaawe>>wiingibanenan,JDN-2010-MS-VTI-p39,,,,,,
VAIO,Pcp,VAIO,adaawen,adaawe,0PlHead,XSubj,0PlObj,Neu,Neg,edaawesinjin,<ChCnj><<adaawe>>sinjin,JDN-2010-MS-VTI-p28,,,,,,
VAIO,Pcp,VAIO,adaawen,adaawe,0PlHead,XSubj,0PlObj,Neu,Pos,edaawenjin,<ChCnj><<adaawe>>njin,JDN-2010-MS-VTI-p27,,,,,,
VAIO,Pcp,VAIO,adaawen,adaawe,0PlHead,XSubj,0PlObj,Prt,Neg,edaawesingibaniin,<ChCnj><<adaawe>>singibaniin,JDN-2010-MS-VTI-p32,,,,,,
VAIO,Pcp,VAIO,adaawen,adaawe,0PlHead,XSubj,0PlObj,Prt,Pos,edaawengibaniin,<ChCnj><<adaawe>>ngibaniin,JDN-2010-MS-VTI-p31,,,,,,
VAIO,Pcp,VAIO,adaawen,adaawe,0SgHead,1SgSubj,0SgObj,Dub,Neg,edaawesiiwaanen,<ChCnj><<adaawe>>siiwaanen,JDN-2010-MS-VTI-p36,,,,,,
VAIO,Pcp,VAIO,adaawen,adaawe,0SgHead,1SgSubj,0SgObj,Dub,Pos,edaawewaanen,<ChCnj><<adaawe>>waanen,JDN-2010-MS-VTI-p35,,,,,,
VAIO,Pcp,VAIO,adaawen,adaawe,0SgHead,1SgSubj,0SgObj,DubPrt,Neg,edaawesiiwaambaanen,<ChCnj><<adaawe>>siiwaambaanen,JDN-2010-MS-VTI-p40,,,,,,
VAIO,Pcp,VAIO,adaawen,adaawe,0SgHead,1SgSubj,0SgObj,DubPrt,Pos,edaawewaambaanen,<ChCnj><<adaawe>>waambaanen,JDN-2010-MS-VTI-p39,,,,,,
VAIO,Pcp,VAIO,adaawen,adaawe,0SgHead,1SgSubj,0SgObj,Neu,Neg,edaawesiwaan,<ChCnj><<adaawe>>siwaan,JDN-2010-MS-VTI-p28,,,,,,
VAIO,Pcp,VAIO,adaawen,adaawe,0SgHead,1SgSubj,0SgObj,Neu,Pos,edaaweyaan,<ChCnj><<adaawe>>yaan,JDN-2010-MS-VTI-p27,,,,,,
VAIO,Pcp,VAIO,adaawen,adaawe,0SgHead,1SgSubj,0SgObj,Prt,Neg,edaawesiwaambaan,<ChCnj><<adaawe>>siwaambaan,JDN-2010-MS-VTI-p32,,,,,,
VAIO,Pcp,VAIO,adaawen,adaawe,0SgHead,1SgSubj,0SgObj,Prt,Pos,edaaweyaambaan,<ChCnj><<adaawe>>yaambaan,JDN-2010-MS-VTI-p31,,,,,,
VAIO,Pcp,VAIO,adaawen,adaawe,0SgHead,2PlSubj,0SgObj,Dub,Neg,edaawesiiwegwen,<ChCnj><<adaawe>>siiwegwen,JDN-2010-MS-VTI-p36,,,,,,
VAIO,Pcp,VAIO,adaawen,adaawe,0SgHead,2PlSubj,0SgObj,Dub,Pos,edaawewegwen,<ChCnj><<adaawe>>wegwen,JDN-2010-MS-VTI-p35,,,,,,
VAIO,Pcp,VAIO,adaawen,adaawe,0SgHead,2PlSubj,0SgObj,DubPrt,Neg,edaawesiiwegobanen,<ChCnj><<adaawe>>siiwegobanen,JDN-2010-MS-VTI-p40,,,,,,
VAIO,Pcp,VAIO,adaawen,adaawe,0SgHead,2PlSubj,0SgObj,DubPrt,Pos,edaawewegobanen,<ChCnj><<adaawe>>wegobanen,JDN-2010-MS-VTI-p39,,,,,,
VAIO,Pcp,VAIO,adaawen,adaawe,0SgHead,2PlSubj,0SgObj,Neu,Neg,edaawesiweg,<ChCnj><<adaawe>>siweg,JDN-2010-MS-VTI-p28,,,,,,
VAIO,Pcp,VAIO,adaawen,adaawe,0SgHead,2PlSubj,0SgObj,Neu,Pos,edaaweyeg,<ChCnj><<adaawe>>yeg,JDN-2010-MS-VTI-p27,,,,,,
VAIO,Pcp,VAIO,adaawen,adaawe,0SgHead,2PlSubj,0SgObj,Prt,Neg,edaawesiwegoban,<ChCnj><<adaawe>>siwegoban,JDN-2010-MS-VTI-p32,,,,,,
VAIO,Pcp,VAIO,adaawen,adaawe,0SgHead,2PlSubj,0SgObj,Prt,Pos,edaaweyegoban,<ChCnj><<adaawe>>yegoban,JDN-2010-MS-VTI-p31,,,,,,
VAIO,Pcp,VAIO,adaawen,adaawe,0SgHead,2SgSubj,0SgObj,Dub,Neg,edaawesiiwanen,<ChCnj><<adaawe>>siiwanen,JDN-2010-MS-VTI-p36,,,,,,
VAIO,Pcp,VAIO,adaawen,adaawe,0SgHead,2SgSubj,0SgObj,Dub,Pos,edaawewanen,<ChCnj><<adaawe>>wanen,JDN-2010-MS-VTI-p35,,,,,,
VAIO,Pcp,VAIO,adaawen,adaawe,0SgHead,2SgSubj,0SgObj,DubPrt,Neg,edaawesiiwambanen,<ChCnj><<adaawe>>siiwambanen,JDN-2010-MS-VTI-p40,,,,,,
VAIO,Pcp,VAIO,adaawen,adaawe,0SgHead,2SgSubj,0SgObj,DubPrt,Pos,edaawewambanen,<ChCnj><<adaawe>>wambanen,JDN-2010-MS-VTI-p39,,,,,,
VAIO,Pcp,VAIO,adaawen,adaawe,0SgHead,2SgSubj,0SgObj,Neu,Neg,edaawesiwan,<ChCnj><<adaawe>>siwan,JDN-2010-MS-VTI-p28,,,,,,
VAIO,Pcp,VAIO,adaawen,adaawe,0SgHead,2SgSubj,0SgObj,Neu,Pos,edaaweyan,<ChCnj><<adaawe>>yan,JDN-2010-MS-VTI-p27,,,,,,
VAIO,Pcp,VAIO,adaawen,adaawe,0SgHead,2SgSubj,0SgObj,Prt,Neg,edaawesiwamban,<ChCnj><<adaawe>>siwamban,JDN-2010-MS-VTI-p32,,,,,,
VAIO,Pcp,VAIO,adaawen,adaawe,0SgHead,2SgSubj,0SgObj,Prt,Pos,edaaweyamban,<ChCnj><<adaawe>>yamban,JDN-2010-MS-VTI-p31,,,,,,
VAIO,Pcp,VAIO,adaawen,adaawe,0SgHead,3PlObvSubj,0SgObj,Dub,Neg,edaawesiinigwen,<ChCnj><<adaawe>>siinigwen,JDN-2010-MS-VTI-p36,,,,,,
VAIO,Pcp,VAIO,adaawen,adaawe,0SgHead,3PlObvSubj,0SgObj,Dub,Pos,edaawenigwen,<ChCnj><<adaawe>>nigwen,JDN-2010-MS-VTI-p35,,,,,,
VAIO,Pcp,VAIO,adaawen,adaawe,0SgHead,3PlObvSubj,0SgObj,DubPrt,Neg,edaawesiinigobanen,<ChCnj><<adaawe>>siinigobanen,JDN-2010-MS-VTI-p40,,,,,,
VAIO,Pcp,VAIO,adaawen,adaawe,0SgHead,3PlObvSubj,0SgObj,DubPrt,Pos,edaawenigobanen,<ChCnj><<adaawe>>nigobanen,JDN-2010-MS-VTI-p39,,,,,,
VAIO,Pcp,VAIO,adaawen,adaawe,0SgHead,3PlObvSubj,0SgObj,Neu,Neg,edaawesinid,<ChCnj><<adaawe>>sinid,GUESS,,,,,,
VAIO,Pcp,VAIO,adaawen,adaawe,0SgHead,3PlObvSubj,0SgObj,Neu,Pos,edaawenid,<ChCnj><<adaawe>>nid,JDN-2010-MS-VTI-p27,,,,,,
VAIO,Pcp,VAIO,adaawen,adaawe,0SgHead,3PlObvSubj,0SgObj,Prt,Neg,edaawesinigoban,<ChCnj><<adaawe>>sinigoban,JDN-2010-MS-VTI-p32,,,,,,
VAIO,Pcp,VAIO,adaawen,adaawe,0SgHead,3PlObvSubj,0SgObj,Prt,Pos,edaawenipan,<ChCnj><<adaawe>>nipan,JDN-2010-MS-VTI-p31,,,,,,
VAIO,Pcp,VAIO,adaawen,adaawe,3PlObvHead,3PlObvSubj,0SgObj,Dub,Neg,edaawesiinigwenan,<ChCnj><<adaawe>>siinigwenan,JDN-2010-MS-VTI-p36,,,,,,
VAIO,Pcp,VAIO,adaawen,adaawe,3PlObvHead,3PlObvSubj,0SgObj,Dub,Pos,edaawenigwenan,<ChCnj><<adaawe>>nigwenan,JDN-2010-MS-VTI-p35,,,,,,
VAIO,Pcp,VAIO,adaawen,adaawe,3PlObvHead,3PlObvSubj,0SgObj,DubPrt,Neg,edaawesiinigobanenan,<ChCnj><<adaawe>>siinigobanenan,JDN-2010-MS-VTI-p40,,,,,,
VAIO,Pcp,VAIO,adaawen,adaawe,3PlObvHead,3PlObvSubj,0SgObj,DubPrt,Pos,edaawenigobanenan,<ChCnj><<adaawe>>nigobanenan,JDN-2010-MS-VTI-p39,,,,,,
VAIO,Pcp,VAIO,adaawen,adaawe,3PlObvHead,3PlObvSubj,0SgObj,Neu,Neg,edaawesinijin,<ChCnj><<adaawe>>sinijin,GUESS,,,,,,
VAIO,Pcp,VAIO,adaawen,adaawe,3PlObvHead,3PlObvSubj,0SgObj,Neu,Pos,edaawenijin,<ChCnj><<adaawe>>nijin,JDN-2010-MS-VTI-p27,,,,,,
VAIO,Pcp,VAIO,adaawen,adaawe,3PlObvHead,3PlObvSubj,0SgObj,Prt,Neg,edaawesinigobaniin,<ChCnj><<adaawe>>sinigobaniin,JDN-2010-MS-VTI-p32,,,,,,
VAIO,Pcp,VAIO,adaawen,adaawe,3PlObvHead,3PlObvSubj,0SgObj,Prt,Pos,edaawenipaniin,<ChCnj><<adaawe>>nipaniin,JDN-2010-MS-VTI-p31,,,,,,
VAIO,Pcp,VAIO,adaawen,adaawe,0SgHead,3PlProxSubj,0SgObj,Dub,Neg,edaawesiiwaagwen,<ChCnj><<adaawe>>siiwaagwen,JDN-2010-MS-VTI-p36,,,,,,
VAIO,Pcp,VAIO,adaawen,adaawe,0SgHead,3PlProxSubj,0SgObj,Dub,Pos,edaawewaagwen,<ChCnj><<adaawe>>waagwen,JDN-2010-MS-VTI-p35,,,,,,
VAIO,Pcp,VAIO,adaawen,adaawe,0SgHead,3PlProxSubj,0SgObj,DubPrt,Neg,edaawesiiwaagobanen,<ChCnj><<adaawe>>siiwaagobanen,JDN-2010-MS-VTI-p40,,,,,,
VAIO,Pcp,VAIO,adaawen,adaawe,0SgHead,3PlProxSubj,0SgObj,DubPrt,Pos,edaawewaagobanen,<ChCnj><<adaawe>>waagobanen,JDN-2010-MS-VTI-p39,,,,,,
VAIO,Pcp,VAIO,adaawen,adaawe,0SgHead,3PlProxSubj,0SgObj,Neu,Neg,edaawesigwaa,<ChCnj><<adaawe>>sigwaa,JDN-2010-MS-VTI-p28,,,,,,
VAIO,Pcp,VAIO,adaawen,adaawe,0SgHead,3PlProxSubj,0SgObj,Neu,Pos,edaawewaad,<ChCnj><<adaawe>>waad,JDN-2010-MS-VTI-p27,,,,,,
VAIO,Pcp,VAIO,adaawen,adaawe,0SgHead,3PlProxSubj,0SgObj,Prt,Neg,edaawesigwaaban,<ChCnj><<adaawe>>sigwaaban,JDN-2010-MS-VTI-p32,,,,,,
VAIO,Pcp,VAIO,adaawen,adaawe,0SgHead,3PlProxSubj,0SgObj,Prt,Pos,edaawewaapan,<ChCnj><<adaawe>>waapan,JDN-2010-MS-VTI-p31,,,,,,
VAIO,Pcp,VAIO,adaawen,adaawe,3PlProxHead,3PlProxSubj,0SgObj,Dub,Neg,edaawesiigwenag,<ChCnj><<adaawe>>siigwenag,JDN-2010-MS-VTI-p36,,,,,,
VAIO,Pcp,VAIO,adaawen,adaawe,3PlProxHead,3PlProxSubj,0SgObj,Dub,Pos,edaawegwenag,<ChCnj><<adaawe>>gwenag,JDN-2010-MS-VTI-p35,,,,,,
VAIO,Pcp,VAIO,adaawen,adaawe,3PlProxHead,3PlProxSubj,0SgObj,DubPrt,Neg,edaawesiigobanenag,<ChCnj><<adaawe>>siigobanenag,JDN-2010-MS-VTI-p40,,,,,,
VAIO,Pcp,VAIO,adaawen,adaawe,3PlProxHead,3PlProxSubj,0SgObj,DubPrt,Pos,edaawegobanenag,<ChCnj><<adaawe>>gobanenag,JDN-2010-MS-VTI-p39,,,,,,
VAIO,Pcp,VAIO,adaawen,adaawe,3PlProxHead,3PlProxSubj,0SgObj,Neu,Neg,edaawesijig,<ChCnj><<adaawe>>sijig,JDN-2010-MS-VTI-p28,,,,,,
VAIO,Pcp,VAIO,adaawen,adaawe,3PlProxHead,3PlProxSubj,0SgObj,Neu,Pos,edaawejig,<ChCnj><<adaawe>>jig,JDN-2010-MS-VTI-p27,,,,,,
VAIO,Pcp,VAIO,adaawen,adaawe,3PlProxHead,3PlProxSubj,0SgObj,Prt,Neg,edaawesigobaniig,<ChCnj><<adaawe>>sigobaniig,JDN-2010-MS-VTI-p32,,,,,,
VAIO,Pcp,VAIO,adaawen,adaawe,3PlProxHead,3PlProxSubj,0SgObj,Prt,Pos,edaawepaniig,<ChCnj><<adaawe>>paniig,JDN-2010-MS-VTI-p31,,,,,,
VAIO,Pcp,VAIO,adaawen,adaawe,0SgHead,3SgObvSubj,0SgObj,Dub,Neg,edaawesiinigwen,<ChCnj><<adaawe>>siinigwen,JDN-2010-MS-VTI-p36,,,,,,
VAIO,Pcp,VAIO,adaawen,adaawe,0SgHead,3SgObvSubj,0SgObj,Dub,Pos,edaawenigwen,<ChCnj><<adaawe>>nigwen,JDN-2010-MS-VTI-p35,,,,,,
VAIO,Pcp,VAIO,adaawen,adaawe,0SgHead,3SgObvSubj,0SgObj,DubPrt,Neg,edaawesiinigobanen,<ChCnj><<adaawe>>siinigobanen,JDN-2010-MS-VTI-p40,,,,,,
VAIO,Pcp,VAIO,adaawen,adaawe,0SgHead,3SgObvSubj,0SgObj,DubPrt,Pos,edaawenigobanen,<ChCnj><<adaawe>>nigobanen,JDN-2010-MS-VTI-p39,,,,,,
VAIO,Pcp,VAIO,adaawen,adaawe,0SgHead,3SgObvSubj,0SgObj,Neu,Neg,edaawesinid,<ChCnj><<adaawe>>sinid,GUESS,,,,,,
VAIO,Pcp,VAIO,adaawen,adaawe,0SgHead,3SgObvSubj,0SgObj,Neu,Pos,edaawenid,<ChCnj><<adaawe>>nid,JDN-2010-MS-VTI-p27,,,,,,
VAIO,Pcp,VAIO,adaawen,adaawe,0SgHead,3SgObvSubj,0SgObj,Prt,Neg,edaawesinigoban,<ChCnj><<adaawe>>sinigoban,JDN-2010-MS-VTI-p32,,,,,,
VAIO,Pcp,VAIO,adaawen,adaawe,0SgHead,3SgObvSubj,0SgObj,Prt,Pos,edaawenipan,<ChCnj><<adaawe>>nipan,JDN-2010-MS-VTI-p31,,,,,,
VAIO,Pcp,VAIO,adaawen,adaawe,3SgObvHead,3SgObvSubj,0SgObj,Dub,Neg,edaawesiinigwenan,<ChCnj><<adaawe>>siinigwenan,JDN-2010-MS-VTI-p36,,,,,,
VAIO,Pcp,VAIO,adaawen,adaawe,3SgObvHead,3SgObvSubj,0SgObj,Dub,Pos,edaawenigwenan,<ChCnj><<adaawe>>nigwenan,JDN-2010-MS-VTI-p35,,,,,,
VAIO,Pcp,VAIO,adaawen,adaawe,3SgObvHead,3SgObvSubj,0SgObj,DubPrt,Neg,edaawesiinigobanenan,<ChCnj><<adaawe>>siinigobanenan,JDN-2010-MS-VTI-p40,,,,,,
VAIO,Pcp,VAIO,adaawen,adaawe,3SgObvHead,3SgObvSubj,0SgObj,DubPrt,Pos,edaawenigobanenan,<ChCnj><<adaawe>>nigobanenan,JDN-2010-MS-VTI-p39,,,,,,
VAIO,Pcp,VAIO,adaawen,adaawe,3SgObvHead,3SgObvSubj,0SgObj,Neu,Neg,edaawesinijin,<ChCnj><<adaawe>>sinijin,GUESS,,,,,,
VAIO,Pcp,VAIO,adaawen,adaawe,3SgObvHead,3SgObvSubj,0SgObj,Neu,Pos,edaawenijin,<ChCnj><<adaawe>>nijin,JDN-2010-MS-VTI-p27,,,,,,
VAIO,Pcp,VAIO,adaawen,adaawe,3SgObvHead,3SgObvSubj,0SgObj,Prt,Neg,edaawesinigobaniin,<ChCnj><<adaawe>>sinigobaniin,JDN-2010-MS-VTI-p32,,,,,,
VAIO,Pcp,VAIO,adaawen,adaawe,3SgObvHead,3SgObvSubj,0SgObj,Prt,Pos,edaawenipaniin,<ChCnj><<adaawe>>nipaniin,JDN-2010-MS-VTI-p31,,,,,,
VAIO,Pcp,VAIO,adaawen,adaawe,0SgHead,3SgProxSubj,0SgObj,Dub,Neg,edaawesiigwen,<ChCnj><<adaawe>>siigwen,JDN-2010-MS-VTI-p36,,,,,,
VAIO,Pcp,VAIO,adaawen,adaawe,0SgHead,3SgProxSubj,0SgObj,Dub,Pos,edaawegwen,<ChCnj><<adaawe>>gwen,JDN-2010-MS-VTI-p35,,,,,,
VAIO,Pcp,VAIO,adaawen,adaawe,0SgHead,3SgProxSubj,0SgObj,DubPrt,Neg,edaawesiigobanen,<ChCnj><<adaawe>>siigobanen,JDN-2010-MS-VTI-p40,,,,,,
VAIO,Pcp,VAIO,adaawen,adaawe,0SgHead,3SgProxSubj,0SgObj,DubPrt,Pos,edaawegobanen,<ChCnj><<adaawe>>gobanen,JDN-2010-MS-VTI-p39,,,,,,
VAIO,Pcp,VAIO,adaawen,adaawe,0SgHead,3SgProxSubj,0SgObj,Neu,Neg,edaawesig,<ChCnj><<adaawe>>sig,JDN-2010-MS-VTI-p28,,,,,,
VAIO,Pcp,VAIO,adaawen,adaawe,0SgHead,3SgProxSubj,0SgObj,Neu,Pos,edaawed,<ChCnj><<adaawe>>d,JDN-2010-MS-VTI-p27,,,,,,
VAIO,Pcp,VAIO,adaawen,adaawe,0SgHead,3SgProxSubj,0SgObj,Prt,Neg,edaawesigoban,<ChCnj><<adaawe>>sigoban,JDN-2010-MS-VTI-p32,,,,,,
VAIO,Pcp,VAIO,adaawen,adaawe,0SgHead,3SgProxSubj,0SgObj,Prt,Pos,edaawepan,<ChCnj><<adaawe>>pan,JDN-2010-MS-VTI-p31,,,,,,
VAIO,Pcp,VAIO,adaawen,adaawe,3SgProxHead,3SgProxSubj,0SgObj,Dub,Neg,edaawesiigwen,<ChCnj><<adaawe>>siigwen,JDN-2010-MS-VTI-p36,,,,,,
VAIO,Pcp,VAIO,adaawen,adaawe,3SgProxHead,3SgProxSubj,0SgObj,Dub,Pos,edaawegwen,<ChCnj><<adaawe>>gwen,JDN-2010-MS-VTI-p35,,,,,,
VAIO,Pcp,VAIO,adaawen,adaawe,3SgProxHead,3SgProxSubj,0SgObj,DubPrt,Neg,edaawesiigobanen,<ChCnj><<adaawe>>siigobanen,JDN-2010-MS-VTI-p40,,,,,,
VAIO,Pcp,VAIO,adaawen,adaawe,3SgProxHead,3SgProxSubj,0SgObj,DubPrt,Pos,edaawegobanen,<ChCnj><<adaawe>>gobanen,JDN-2010-MS-VTI-p39,,,,,,
VAIO,Pcp,VAIO,adaawen,adaawe,3SgProxHead,3SgProxSubj,0SgObj,Neu,Neg,edaawesig,<ChCnj><<adaawe>>sig,JDN-2010-MS-VTI-p28,,,,,,
VAIO,Pcp,VAIO,adaawen,adaawe,3SgProxHead,3SgProxSubj,0SgObj,Neu,Pos,edaawed,<ChCnj><<adaawe>>d,JDN-2010-MS-VTI-p27,,,,,,
VAIO,Pcp,VAIO,adaawen,adaawe,3SgProxHead,3SgProxSubj,0SgObj,Prt,Neg,edaawesigoban,<ChCnj><<adaawe>>sigoban,JDN-2010-MS-VTI-p32,,,,,,
VAIO,Pcp,VAIO,adaawen,adaawe,3SgProxHead,3SgProxSubj,0SgObj,Prt,Pos,edaawepan,<ChCnj><<adaawe>>pan,JDN-2010-MS-VTI-p31,,,,,,
VAIO,Pcp,VAIO,adaawen,adaawe,0SgHead,ExclSubj,0SgObj,Dub,Neg,edaawesiiwaangen,<ChCnj><<adaawe>>siiwaangen,JDN-2010-MS-VTI-p36,,,,,,
VAIO,Pcp,VAIO,adaawen,adaawe,0SgHead,ExclSubj,0SgObj,Dub,Pos,edaawewaangen,<ChCnj><<adaawe>>waangen,JDN-2010-MS-VTI-p35,,,,,,
VAIO,Pcp,VAIO,adaawen,adaawe,0SgHead,ExclSubj,0SgObj,DubPrt,Neg,edaawesiiwaangibanen,<ChCnj><<adaawe>>siiwaangibanen,JDN-2010-MS-VTI-p40,,,,,,
VAIO,Pcp,VAIO,adaawen,adaawe,0SgHead,ExclSubj,0SgObj,DubPrt,Pos,edaawewaangibanen,<ChCnj><<adaawe>>waangibanen,JDN-2010-MS-VTI-p39,,,,,,
VAIO,Pcp,VAIO,adaawen,adaawe,0SgHead,ExclSubj,0SgObj,Neu,Neg,edaawesiwaang,<ChCnj><<adaawe>>siwaang,JDN-2010-MS-VTI-p28,,,,,,
VAIO,Pcp,VAIO,adaawen,adaawe,0SgHead,ExclSubj,0SgObj,Neu,Pos,edaaweyaang,<ChCnj><<adaawe>>yaang,JDN-2010-MS-VTI-p27,,,,,,
VAIO,Pcp,VAIO,adaawen,adaawe,0SgHead,ExclSubj,0SgObj,Prt,Neg,edaawesiwaangiban,<ChCnj><<adaawe>>siwaangiban,JDN-2010-MS-VTI-p32,,,,,,
VAIO,Pcp,VAIO,adaawen,adaawe,0SgHead,ExclSubj,0SgObj,Prt,Pos,edaaweyaangiban,<ChCnj><<adaawe>>yaangiban,JDN-2010-MS-VTI-p31,,,,,,
VAIO,Pcp,VAIO,adaawen,adaawe,0SgHead,InclSubj,0SgObj,Dub,Neg,edaawesiiwangen,<ChCnj><<adaawe>>siiwangen,JDN-2010-MS-VTI-p36,,,,,,
VAIO,Pcp,VAIO,adaawen,adaawe,0SgHead,InclSubj,0SgObj,Dub,Pos,edaawewangen,<ChCnj><<adaawe>>wangen,JDN-2010-MS-VTI-p35,,,,,,
VAIO,Pcp,VAIO,adaawen,adaawe,0SgHead,InclSubj,0SgObj,DubPrt,Neg,edaawesiiwangibanen,<ChCnj><<adaawe>>siiwangibanen,JDN-2010-MS-VTI-p40,,,,,,
VAIO,Pcp,VAIO,adaawen,adaawe,0SgHead,InclSubj,0SgObj,DubPrt,Pos,edaawewangibanen,<ChCnj><<adaawe>>wangibanen,JDN-2010-MS-VTI-p39,,,,,,
VAIO,Pcp,VAIO,adaawen,adaawe,0SgHead,InclSubj,0SgObj,Neu,Neg,edaawesiwang,<ChCnj><<adaawe>>siwang,JDN-2010-MS-VTI-p28,,,,,,
VAIO,Pcp,VAIO,adaawen,adaawe,0SgHead,InclSubj,0SgObj,Neu,Pos,edaaweyang,<ChCnj><<adaawe>>yang,JDN-2010-MS-VTI-p27,,,,,,
VAIO,Pcp,VAIO,adaawen,adaawe,0SgHead,InclSubj,0SgObj,Prt,Neg,edaawesiwangiban,<ChCnj><<adaawe>>siwangiban,JDN-2010-MS-VTI-p32,,,,,,
VAIO,Pcp,VAIO,adaawen,adaawe,0SgHead,InclSubj,0SgObj,Prt,Pos,edaaweyangoban,<ChCnj><<adaawe>>yangoban,GUESS,,,,,,
VAIO,Pcp,VAIO,adaawen,adaawe,0SgHead,XSubj,0SgObj,Dub,Neg,edaawesiiwiingen,<ChCnj><<adaawe>>siiwiingen,JDN-2010-MS-VTI-p36,,,,,,
VAIO,Pcp,VAIO,adaawen,adaawe,0SgHead,XSubj,0SgObj,Dub,Pos,edaawewiingen,<ChCnj><<adaawe>>wiingen,JDN-2010-MS-VTI-p35,,,,,,
VAIO,Pcp,VAIO,adaawen,adaawe,0SgHead,XSubj,0SgObj,DubPrt,Neg,edaawesiiwiingibanen,<ChCnj><<adaawe>>siiwiingibanen,JDN-2010-MS-VTI-p40,,,,,,
VAIO,Pcp,VAIO,adaawen,adaawe,0SgHead,XSubj,0SgObj,DubPrt,Pos,edaawewiingibanen,<ChCnj><<adaawe>>wiingibanen,JDN-2010-MS-VTI-p39,,,,,,
VAIO,Pcp,VAIO,adaawen,adaawe,0SgHead,XSubj,0SgObj,Neu,Neg,edaawesing,<ChCnj><<adaawe>>sing,JDN-2010-MS-VTI-p28,,,,,,
VAIO,Pcp,VAIO,adaawen,adaawe,0SgHead,XSubj,0SgObj,Neu,Pos,edaaweng,<ChCnj><<adaawe>>ng,JDN-2010-MS-VTI-p27,,,,,,
VAIO,Pcp,VAIO,adaawen,adaawe,0SgHead,XSubj,0SgObj,Prt,Neg,edaawesingiban,<ChCnj><<adaawe>>singiban,JDN-2010-MS-VTI-p32,,,,,,
VAIO,Pcp,VAIO,adaawen,adaawe,0SgHead,XSubj,0SgObj,Prt,Pos,edaawengiban,<ChCnj><<adaawe>>ngiban,JDN-2010-MS-VTI-p31,,,,,,
VAIO,Pcp,VAIO,adaawen,adaawe,3PlObvHead,3PlProxSubj,3PlObvObj,Dub,Neg,edaawesiiwaagwenan,<ChCnj><<adaawe>>siiwaagwenan,JDN-2010-MS-VTI-p36,,,,,,
VAIO,Pcp,VAIO,adaawen,adaawe,3PlObvHead,3PlProxSubj,3PlObvObj,Dub,Pos,edaawewaagwenan,<ChCnj><<adaawe>>waagwenan,JDN-2010-MS-VTI-p35,,,,,,
VAIO,Pcp,VAIO,adaawen,adaawe,3PlObvHead,3PlProxSubj,3PlObvObj,DubPrt,Neg,edaawesiiwaagobanenan,<ChCnj><<adaawe>>siiwaagobanenan,JDN-2010-MS-VTI-p40,,,,,,
VAIO,Pcp,VAIO,adaawen,adaawe,3PlObvHead,3PlProxSubj,3PlObvObj,DubPrt,Pos,edaawewaagobanenan,<ChCnj><<adaawe>>waagobanenan,JDN-2010-MS-VTI-p39,,,,,,
VAIO,Pcp,VAIO,adaawen,adaawe,3PlObvHead,3PlProxSubj,3PlObvObj,Neu,Neg,edaawesiwaajin,<ChCnj><<adaawe>>siwaajin,JDN-2010-MS-VTI-p28,,,,,,
VAIO,Pcp,VAIO,adaawen,adaawe,3PlObvHead,3PlProxSubj,3PlObvObj,Neu,Pos,edaawewaajin,<ChCnj><<adaawe>>waajin,JDN-2010-MS-VTI-p27,,,,,,
VAIO,Pcp,VAIO,adaawen,adaawe,3PlObvHead,3PlProxSubj,3PlObvObj,Prt,Neg,edaawesigwaabaniin,<ChCnj><<adaawe>>sigwaabaniin,JDN-2010-MS-VTI-p32,,,,,,
VAIO,Pcp,VAIO,adaawen,adaawe,3PlObvHead,3PlProxSubj,3PlObvObj,Prt,Pos,edaawewaapaniin,<ChCnj><<adaawe>>waapaniin,JDN-2010-MS-VTI-p31,,,,,,
VAIO,Pcp,VAIO,adaawen,adaawe,3PlProxHead,3PlProxSubj,3PlObvObj,Dub,Neg,edaawesiigwenag,<ChCnj><<adaawe>>siigwenag,JDN-2010-MS-VTI-p36,,,,,,
VAIO,Pcp,VAIO,adaawen,adaawe,3PlProxHead,3PlProxSubj,3PlObvObj,Dub,Pos,edaawegwenag,<ChCnj><<adaawe>>gwenag,JDN-2010-MS-VTI-p35,,,,,,
VAIO,Pcp,VAIO,adaawen,adaawe,3PlProxHead,3PlProxSubj,3PlObvObj,DubPrt,Neg,edaawesiigobanenag,<ChCnj><<adaawe>>siigobanenag,JDN-2010-MS-VTI-p40,,,,,,
VAIO,Pcp,VAIO,adaawen,adaawe,3PlProxHead,3PlProxSubj,3PlObvObj,DubPrt,Pos,edaawewaagobanenag,<ChCnj><<adaawe>>waagobanenag,JDN-2010-MS-VTI-p39,,,,,,
VAIO,Pcp,VAIO,adaawen,adaawe,3PlProxHead,3PlProxSubj,3PlObvObj,Neu,Neg,edaawesijig,<ChCnj><<adaawe>>sijig,JDN-2010-MS-VTI-p28,,,,,,
VAIO,Pcp,VAIO,adaawen,adaawe,3PlProxHead,3PlProxSubj,3PlObvObj,Neu,Pos,edaawejig,<ChCnj><<adaawe>>jig,JDN-2010-MS-VTI-p27,,,,,,
VAIO,Pcp,VAIO,adaawen,adaawe,3PlProxHead,3PlProxSubj,3PlObvObj,Prt,Neg,edaawesigobaniig,<ChCnj><<adaawe>>sigobaniig,JDN-2010-MS-VTI-p32,,,,,,
VAIO,Pcp,VAIO,adaawen,adaawe,3PlProxHead,3PlProxSubj,3PlObvObj,Prt,Pos,edaawepaniig,<ChCnj><<adaawe>>paniig,JDN-2010-MS-VTI-p31,,,,,,
VAIO,Pcp,VAIO,adaawen,adaawe,3PlObvHead,3SgProxSubj,3PlObvObj,Dub,Neg,edaawesiigwenan,<ChCnj><<adaawe>>siigwenan,JDN-2010-MS-VTI-p36,,,,,,
VAIO,Pcp,VAIO,adaawen,adaawe,3PlObvHead,3SgProxSubj,3PlObvObj,Dub,Pos,edaawegwenan,<ChCnj><<adaawe>>gwenan,JDN-2010-MS-VTI-p35,,,,,,
VAIO,Pcp,VAIO,adaawen,adaawe,3PlObvHead,3SgProxSubj,3PlObvObj,DubPrt,Neg,edaawesiigobanenan,<ChCnj><<adaawe>>siigobanenan,JDN-2010-MS-VTI-p40,,,,,,
VAIO,Pcp,VAIO,adaawen,adaawe,3PlObvHead,3SgProxSubj,3PlObvObj,DubPrt,Pos,edaawegobanenan,<ChCnj><<adaawe>>gobanenan,JDN-2010-MS-VTI-p39,,,,,,
VAIO,Pcp,VAIO,adaawen,adaawe,3PlObvHead,3SgProxSubj,3PlObvObj,Neu,Neg,edaawesijin,<ChCnj><<adaawe>>sijin,JDN-2010-MS-VTI-p28,,,,,,
VAIO,Pcp,VAIO,adaawen,adaawe,3PlObvHead,3SgProxSubj,3PlObvObj,Neu,Pos,edaawejin,<ChCnj><<adaawe>>jin,JDN-2010-MS-VTI-p27,,,,,,
VAIO,Pcp,VAIO,adaawen,adaawe,3PlObvHead,3SgProxSubj,3PlObvObj,Prt,Neg,edaawesigobaniin,<ChCnj><<adaawe>>sigobaniin,JDN-2010-MS-VTI-p32,,,,,,
VAIO,Pcp,VAIO,adaawen,adaawe,3PlObvHead,3SgProxSubj,3PlObvObj,Prt,Pos,edaawepaniin,<ChCnj><<adaawe>>paniin,JDN-2010-MS-VTI-p31,,,,,,
VAIO,Pcp,VAIO,adaawen,adaawe,3SgProxHead,3SgProxSubj,3PlObvObj,Dub,Neg,edaawesiigwen,<ChCnj><<adaawe>>siigwen,JDN-2010-MS-VTI-p36,,,,,,
VAIO,Pcp,VAIO,adaawen,adaawe,3SgProxHead,3SgProxSubj,3PlObvObj,Dub,Pos,edaawegwen,<ChCnj><<adaawe>>gwen,JDN-2010-MS-VTI-p35,,,,,,
VAIO,Pcp,VAIO,adaawen,adaawe,3SgProxHead,3SgProxSubj,3PlObvObj,DubPrt,Neg,edaawesiigobanen,<ChCnj><<adaawe>>siigobanen,JDN-2010-MS-VTI-p40,,,,,,
VAIO,Pcp,VAIO,adaawen,adaawe,3SgProxHead,3SgProxSubj,3PlObvObj,DubPrt,Pos,edaawegobanen,<ChCnj><<adaawe>>gobanen,JDN-2010-MS-VTI-p39,,,,,,
VAIO,Pcp,VAIO,adaawen,adaawe,3SgProxHead,3SgProxSubj,3PlObvObj,Neu,Neg,edaawesig,<ChCnj><<adaawe>>sig,JDN-2010-MS-VTI-p28,,,,,,
VAIO,Pcp,VAIO,adaawen,adaawe,3SgProxHead,3SgProxSubj,3PlObvObj,Neu,Pos,edaawed,<ChCnj><<adaawe>>d,JDN-2010-MS-VTI-p27,,,,,,
VAIO,Pcp,VAIO,adaawen,adaawe,3SgProxHead,3SgProxSubj,3PlObvObj,Prt,Neg,edaawesigoban,<ChCnj><<adaawe>>sigoban,JDN-2010-MS-VTI-p32,,,,,,
VAIO,Pcp,VAIO,adaawen,adaawe,3SgProxHead,3SgProxSubj,3PlObvObj,Prt,Pos,edaawepan,<ChCnj><<adaawe>>pan,JDN-2010-MS-VTI-p31,,,,,,
VAIO,Pcp,VAIO,adaawen,adaawe,3PlProxHead,1SgSubj,3PlProxObj,Dub,Neg,edaawesiiwaanenag,<ChCnj><<adaawe>>siiwaanenag,JDN-2010-MS-VTI-p36,,,,,,
VAIO,Pcp,VAIO,adaawen,adaawe,3PlProxHead,1SgSubj,3PlProxObj,Dub,Pos,edaawewaanenag,<ChCnj><<adaawe>>waanenag,JDN-2010-MS-VTI-p35,,,,,,
VAIO,Pcp,VAIO,adaawen,adaawe,3PlProxHead,1SgSubj,3PlProxObj,DubPrt,Neg,edaawesiiwaambaanenag,<ChCnj><<adaawe>>siiwaambaanenag,JDN-2010-MS-VTI-p40,,,,,,
VAIO,Pcp,VAIO,adaawen,adaawe,3PlProxHead,1SgSubj,3PlProxObj,DubPrt,Pos,edaawewaambaanenag,<ChCnj><<adaawe>>waambaanenag,JDN-2010-MS-VTI-p39,,,,,,
VAIO,Pcp,VAIO,adaawen,adaawe,3PlProxHead,1SgSubj,3PlProxObj,Neu,Neg,edaawesiwaanig,<ChCnj><<adaawe>>siwaanig,JDN-2010-MS-VTI-p28,,,,,,
VAIO,Pcp,VAIO,adaawen,adaawe,3PlProxHead,1SgSubj,3PlProxObj,Neu,Pos,edaaweyaanig,<ChCnj><<adaawe>>yaanig,JDN-2010-MS-VTI-p27,,,,,,
VAIO,Pcp,VAIO,adaawen,adaawe,3PlProxHead,1SgSubj,3PlProxObj,Prt,Neg,edaawesiwaambaaniig,<ChCnj><<adaawe>>siwaambaaniig,JDN-2010-MS-VTI-p32,,,,,,
VAIO,Pcp,VAIO,adaawen,adaawe,3PlProxHead,1SgSubj,3PlProxObj,Prt,Pos,edaaweyaambaaniig,<ChCnj><<adaawe>>yaambaaniig,JDN-2010-MS-VTI-p31,,,,,,
VAIO,Pcp,VAIO,adaawen,adaawe,3PlProxHead,2PlSubj,3PlProxObj,Dub,Neg,edaawesiiwegwenag,<ChCnj><<adaawe>>siiwegwenag,JDN-2010-MS-VTI-p36,,,,,,
VAIO,Pcp,VAIO,adaawen,adaawe,3PlProxHead,2PlSubj,3PlProxObj,Dub,Pos,edaawewegwenag,<ChCnj><<adaawe>>wegwenag,JDN-2010-MS-VTI-p35,,,,,,
VAIO,Pcp,VAIO,adaawen,adaawe,3PlProxHead,2PlSubj,3PlProxObj,DubPrt,Neg,edaawesiiwegobanenag,<ChCnj><<adaawe>>siiwegobanenag,JDN-2010-MS-VTI-p40,,,,,,
VAIO,Pcp,VAIO,adaawen,adaawe,3PlProxHead,2PlSubj,3PlProxObj,DubPrt,Pos,edaawewegobanenag,<ChCnj><<adaawe>>wegobanenag,JDN-2010-MS-VTI-p39,,,,,,
VAIO,Pcp,VAIO,adaawen,adaawe,3PlProxHead,2PlSubj,3PlProxObj,Neu,Neg,edaawesiwegig,<ChCnj><<adaawe>>siwegig,JDN-2010-MS-VTI-p28,,,,,,
VAIO,Pcp,VAIO,adaawen,adaawe,3PlProxHead,2PlSubj,3PlProxObj,Neu,Pos,edaaweyegig,<ChCnj><<adaawe>>yegig,JDN-2010-MS-VTI-p27,,,,,,
VAIO,Pcp,VAIO,adaawen,adaawe,3PlProxHead,2PlSubj,3PlProxObj,Prt,Neg,edaawesiwegobaniig,<ChCnj><<adaawe>>siwegobaniig,JDN-2010-MS-VTI-p32,,,,,,
VAIO,Pcp,VAIO,adaawen,adaawe,3PlProxHead,2PlSubj,3PlProxObj,Prt,Pos,edaaweyegobaniig,<ChCnj><<adaawe>>yegobaniig,JDN-2010-MS-VTI-p31,,,,,,
VAIO,Pcp,VAIO,adaawen,adaawe,3PlProxHead,2SgSubj,3PlProxObj,Dub,Neg,edaawesiiwanenag,<ChCnj><<adaawe>>siiwanenag,JDN-2010-MS-VTI-p36,,,,,,
VAIO,Pcp,VAIO,adaawen,adaawe,3PlProxHead,2SgSubj,3PlProxObj,Dub,Pos,edaawewanenag,<ChCnj><<adaawe>>wanenag,JDN-2010-MS-VTI-p35,,,,,,
VAIO,Pcp,VAIO,adaawen,adaawe,3PlProxHead,2SgSubj,3PlProxObj,DubPrt,Neg,edaawesiiwambanenag,<ChCnj><<adaawe>>siiwambanenag,JDN-2010-MS-VTI-p40,,,,,,
VAIO,Pcp,VAIO,adaawen,adaawe,3PlProxHead,2SgSubj,3PlProxObj,DubPrt,Pos,edaawewambanenag,<ChCnj><<adaawe>>wambanenag,JDN-2010-MS-VTI-p39,,,,,,
VAIO,Pcp,VAIO,adaawen,adaawe,3PlProxHead,2SgSubj,3PlProxObj,Neu,Neg,edaawesiwanig,<ChCnj><<adaawe>>siwanig,JDN-2010-MS-VTI-p28,,,,,,
VAIO,Pcp,VAIO,adaawen,adaawe,3PlProxHead,2SgSubj,3PlProxObj,Neu,Pos,edaaweyanig,<ChCnj><<adaawe>>yanig,JDN-2010-MS-VTI-p27,,,,,,
VAIO,Pcp,VAIO,adaawen,adaawe,3PlProxHead,2SgSubj,3PlProxObj,Prt,Neg,edaawesiwambaniig,<ChCnj><<adaawe>>siwambaniig,JDN-2010-MS-VTI-p32,,,,,,
VAIO,Pcp,VAIO,adaawen,adaawe,3PlProxHead,2SgSubj,3PlProxObj,Prt,Pos,edaaweyambaniig,<ChCnj><<adaawe>>yambaniig,JDN-2010-MS-VTI-p31,,,,,,
VAIO,Pcp,VAIO,adaawen,adaawe,3PlObvHead,3PlObvSubj,3PlProxObj,Dub,Neg,edaawesiinigwenan,<ChCnj><<adaawe>>siinigwenan,JDN-2010-MS-VTI-p36,,,,,,
VAIO,Pcp,VAIO,adaawen,adaawe,3PlObvHead,3PlObvSubj,3PlProxObj,Dub,Pos,edaawenigwenan,<ChCnj><<adaawe>>nigwenan,JDN-2010-MS-VTI-p35,,,,,,
VAIO,Pcp,VAIO,adaawen,adaawe,3PlObvHead,3PlObvSubj,3PlProxObj,DubPrt,Neg,edaawesiinigobanenan,<ChCnj><<adaawe>>siinigobanenan,JDN-2010-MS-VTI-p40,,,,,,
VAIO,Pcp,VAIO,adaawen,adaawe,3PlObvHead,3PlObvSubj,3PlProxObj,DubPrt,Pos,edaawenigobanenan,<ChCnj><<adaawe>>nigobanenan,JDN-2010-MS-VTI-p39,,,,,,
VAIO,Pcp,VAIO,adaawen,adaawe,3PlObvHead,3PlObvSubj,3PlProxObj,Neu,Neg,edaawesinijin,<ChCnj><<adaawe>>sinijin,GUESS,,,,,,
VAIO,Pcp,VAIO,adaawen,adaawe,3PlObvHead,3PlObvSubj,3PlProxObj,Neu,Pos,edaawenijin,<ChCnj><<adaawe>>nijin,JDN-2010-MS-VTI-p27,,,,,,
VAIO,Pcp,VAIO,adaawen,adaawe,3PlObvHead,3PlObvSubj,3PlProxObj,Prt,Neg,edaawesinigobaniin,<ChCnj><<adaawe>>sinigobaniin,JDN-2010-MS-VTI-p32,,,,,,
VAIO,Pcp,VAIO,adaawen,adaawe,3PlObvHead,3PlObvSubj,3PlProxObj,Prt,Pos,edaawenipaniin,<ChCnj><<adaawe>>nipaniin,JDN-2010-MS-VTI-p31,,,,,,
VAIO,Pcp,VAIO,adaawen,adaawe,3PlProxHead,3PlObvSubj,3PlProxObj,Dub,Neg,edaawesiinigwenag,<ChCnj><<adaawe>>siinigwenag,JDN-2010-MS-VTI-p36,,,,,,
VAIO,Pcp,VAIO,adaawen,adaawe,3PlProxHead,3PlObvSubj,3PlProxObj,Dub,Pos,edaawenigwenag,<ChCnj><<adaawe>>nigwenag,JDN-2010-MS-VTI-p35,,,,,,
VAIO,Pcp,VAIO,adaawen,adaawe,3PlProxHead,3PlObvSubj,3PlProxObj,DubPrt,Neg,edaawesiinigobanenag,<ChCnj><<adaawe>>siinigobanenag,JDN-2010-MS-VTI-p40,,,,,,
VAIO,Pcp,VAIO,adaawen,adaawe,3PlProxHead,3PlObvSubj,3PlProxObj,DubPrt,Pos,edaawenigobanenag,<ChCnj><<adaawe>>nigobanenag,JDN-2010-MS-VTI-p39,,,,,,
VAIO,Pcp,VAIO,adaawen,adaawe,3PlProxHead,3PlObvSubj,3PlProxObj,Neu,Neg,edaawesinijig,<ChCnj><<adaawe>>sinijig,GUESS,,,,,,
VAIO,Pcp,VAIO,adaawen,adaawe,3PlProxHead,3PlObvSubj,3PlProxObj,Neu,Pos,edaawenijig,<ChCnj><<adaawe>>nijig,JDN-2010-MS-VTI-p27,,,,,,
VAIO,Pcp,VAIO,adaawen,adaawe,3PlProxHead,3PlObvSubj,3PlProxObj,Prt,Neg,edaawesinigobaniig,<ChCnj><<adaawe>>sinigobaniig,JDN-2010-MS-VTI-p32,,,,,,
VAIO,Pcp,VAIO,adaawen,adaawe,3PlProxHead,3PlObvSubj,3PlProxObj,Prt,Pos,edaawenipaniig,<ChCnj><<adaawe>>nipaniig,JDN-2010-MS-VTI-p31,,,,,,
VAIO,Pcp,VAIO,adaawen,adaawe,3PlProxHead,3SgObvSubj,3PlProxObj,Dub,Neg,edaawesiinigwenag,<ChCnj><<adaawe>>siinigwenag,JDN-2010-MS-VTI-p36,,,,,,
VAIO,Pcp,VAIO,adaawen,adaawe,3PlProxHead,3SgObvSubj,3PlProxObj,Dub,Pos,edaawenigwenag,<ChCnj><<adaawe>>nigwenag,JDN-2010-MS-VTI-p35,,,,,,
VAIO,Pcp,VAIO,adaawen,adaawe,3PlProxHead,3SgObvSubj,3PlProxObj,DubPrt,Neg,edaawesiinigobanenag,<ChCnj><<adaawe>>siinigobanenag,JDN-2010-MS-VTI-p40,,,,,,
VAIO,Pcp,VAIO,adaawen,adaawe,3PlProxHead,3SgObvSubj,3PlProxObj,DubPrt,Pos,edaawenigobanenag,<ChCnj><<adaawe>>nigobanenag,JDN-2010-MS-VTI-p39,,,,,,
VAIO,Pcp,VAIO,adaawen,adaawe,3PlProxHead,3SgObvSubj,3PlProxObj,Neu,Neg,edaawesinijig,<ChCnj><<adaawe>>sinijig,GUESS,,,,,,
VAIO,Pcp,VAIO,adaawen,adaawe,3PlProxHead,3SgObvSubj,3PlProxObj,Neu,Pos,edaawenijig,<ChCnj><<adaawe>>nijig,JDN-2010-MS-VTI-p27,,,,,,
VAIO,Pcp,VAIO,adaawen,adaawe,3PlProxHead,3SgObvSubj,3PlProxObj,Prt,Neg,edaawesinigobaniig,<ChCnj><<adaawe>>sinigobaniig,JDN-2010-MS-VTI-p32,,,,,,
VAIO,Pcp,VAIO,adaawen,adaawe,3PlProxHead,3SgObvSubj,3PlProxObj,Prt,Pos,edaawenipaniig,<ChCnj><<adaawe>>nipaniig,JDN-2010-MS-VTI-p31,,,,,,
VAIO,Pcp,VAIO,adaawen,adaawe,3SgObvHead,3SgObvSubj,3PlProxObj,Dub,Neg,edaawesiinigwenan,<ChCnj><<adaawe>>siinigwenan,JDN-2010-MS-VTI-p36,,,,,,
VAIO,Pcp,VAIO,adaawen,adaawe,3SgObvHead,3SgObvSubj,3PlProxObj,Dub,Pos,edaawenigwenan,<ChCnj><<adaawe>>nigwenan,JDN-2010-MS-VTI-p35,,,,,,
VAIO,Pcp,VAIO,adaawen,adaawe,3SgObvHead,3SgObvSubj,3PlProxObj,DubPrt,Neg,edaawesiinigobanenan,<ChCnj><<adaawe>>siinigobanenan,JDN-2010-MS-VTI-p40,,,,,,
VAIO,Pcp,VAIO,adaawen,adaawe,3SgObvHead,3SgObvSubj,3PlProxObj,DubPrt,Pos,edaawenigobanenan,<ChCnj><<adaawe>>nigobanenan,JDN-2010-MS-VTI-p39,,,,,,
VAIO,Pcp,VAIO,adaawen,adaawe,3SgObvHead,3SgObvSubj,3PlProxObj,Neu,Neg,edaawesinijin,<ChCnj><<adaawe>>sinijin,GUESS,,,,,,
VAIO,Pcp,VAIO,adaawen,adaawe,3SgObvHead,3SgObvSubj,3PlProxObj,Neu,Pos,edaawenijin,<ChCnj><<adaawe>>nijin,JDN-2010-MS-VTI-p27,,,,,,
VAIO,Pcp,VAIO,adaawen,adaawe,3SgObvHead,3SgObvSubj,3PlProxObj,Prt,Neg,edaawesinigobaniin,<ChCnj><<adaawe>>sinigobaniin,JDN-2010-MS-VTI-p32,,,,,,
VAIO,Pcp,VAIO,adaawen,adaawe,3SgObvHead,3SgObvSubj,3PlProxObj,Prt,Pos,edaawenipaniin,<ChCnj><<adaawe>>nipaniin,JDN-2010-MS-VTI-p31,,,,,,
VAIO,Pcp,VAIO,adaawen,adaawe,3PlProxHead,ExclSubj,3PlProxObj,Dub,Neg,edaawesiiwaangenag,<ChCnj><<adaawe>>siiwaangenag,JDN-2010-MS-VTI-p36,,,,,,
VAIO,Pcp,VAIO,adaawen,adaawe,3PlProxHead,ExclSubj,3PlProxObj,Dub,Pos,edaawewaangenag,<ChCnj><<adaawe>>waangenag,JDN-2010-MS-VTI-p35,,,,,,
VAIO,Pcp,VAIO,adaawen,adaawe,3PlProxHead,ExclSubj,3PlProxObj,DubPrt,Neg,edaawesiiwaangibanenag,<ChCnj><<adaawe>>siiwaangibanenag,JDN-2010-MS-VTI-p40,,,,,,
VAIO,Pcp,VAIO,adaawen,adaawe,3PlProxHead,ExclSubj,3PlProxObj,DubPrt,Pos,edaawewaangibanenag,<ChCnj><<adaawe>>waangibanenag,JDN-2010-MS-VTI-p39,,,,,,
VAIO,Pcp,VAIO,adaawen,adaawe,3PlProxHead,ExclSubj,3PlProxObj,Neu,Neg,edaawesiwaangig,<ChCnj><<adaawe>>siwaangig,JDN-2010-MS-VTI-p28,,,,,,
VAIO,Pcp,VAIO,adaawen,adaawe,3PlProxHead,ExclSubj,3PlProxObj,Neu,Pos,edaaweyaangig,<ChCnj><<adaawe>>yaangig,JDN-2010-MS-VTI-p27,,,,,,
VAIO,Pcp,VAIO,adaawen,adaawe,3PlProxHead,ExclSubj,3PlProxObj,Prt,Neg,edaawesiwaangibaniig,<ChCnj><<adaawe>>siwaangibaniig,JDN-2010-MS-VTI-p32,,,,,,
VAIO,Pcp,VAIO,adaawen,adaawe,3PlProxHead,ExclSubj,3PlProxObj,Prt,Pos,edaaweyaangibaniig,<ChCnj><<adaawe>>yaangibaniig,JDN-2010-MS-VTI-p31,,,,,,
VAIO,Pcp,VAIO,adaawen,adaawe,3PlProxHead,InclSubj,3PlProxObj,Dub,Neg,edaawesiiwangenag,<ChCnj><<adaawe>>siiwangenag,JDN-2010-MS-VTI-p36,,,,,,
VAIO,Pcp,VAIO,adaawen,adaawe,3PlProxHead,InclSubj,3PlProxObj,Dub,Pos,edaawewangenag,<ChCnj><<adaawe>>wangenag,JDN-2010-MS-VTI-p35,,,,,,
VAIO,Pcp,VAIO,adaawen,adaawe,3PlProxHead,InclSubj,3PlProxObj,DubPrt,Neg,edaawesiiwangibanenag,<ChCnj><<adaawe>>siiwangibanenag,JDN-2010-MS-VTI-p40,,,,,,
VAIO,Pcp,VAIO,adaawen,adaawe,3PlProxHead,InclSubj,3PlProxObj,DubPrt,Pos,edaawewangibanenag,<ChCnj><<adaawe>>wangibanenag,JDN-2010-MS-VTI-p39,,,,,,
VAIO,Pcp,VAIO,adaawen,adaawe,3PlProxHead,InclSubj,3PlProxObj,Neu,Neg,edaawesiwangig,<ChCnj><<adaawe>>siwangig,JDN-2010-MS-VTI-p28,,,,,,
VAIO,Pcp,VAIO,adaawen,adaawe,3PlProxHead,InclSubj,3PlProxObj,Neu,Pos,edaaweyangig,<ChCnj><<adaawe>>yangig,JDN-2010-MS-VTI-p27,,,,,,
VAIO,Pcp,VAIO,adaawen,adaawe,3PlProxHead,InclSubj,3PlProxObj,Prt,Neg,edaawesiwangibaniig,<ChCnj><<adaawe>>siwangibaniig,JDN-2010-MS-VTI-p32,,,,,,
VAIO,Pcp,VAIO,adaawen,adaawe,3PlProxHead,InclSubj,3PlProxObj,Prt,Pos,edaaweyangobaniig,<ChCnj><<adaawe>>yangobaniig,GUESS,,,,,,
VAIO,Pcp,VAIO,adaawen,adaawe,3PlProxHead,XSubj,3PlProxObj,Dub,Neg,edaawesiiwiingenag,<ChCnj><<adaawe>>siiwiingenag,JDN-2010-MS-VTI-p36,,,,,,
VAIO,Pcp,VAIO,adaawen,adaawe,3PlProxHead,XSubj,3PlProxObj,Dub,Pos,edaawewiingenag,<ChCnj><<adaawe>>wiingenag,JDN-2010-MS-VTI-p35,,,,,,
VAIO,Pcp,VAIO,adaawen,adaawe,3PlProxHead,XSubj,3PlProxObj,DubPrt,Neg,edaawesiiwiingibanenag,<ChCnj><<adaawe>>siiwiingibanenag,JDN-2010-MS-VTI-p40,,,,,,
VAIO,Pcp,VAIO,adaawen,adaawe,3PlProxHead,XSubj,3PlProxObj,DubPrt,Pos,edaawewiingibanenag,<ChCnj><<adaawe>>wiingibanenag,JDN-2010-MS-VTI-p39,,,,,,
VAIO,Pcp,VAIO,adaawen,adaawe,3PlProxHead,XSubj,3PlProxObj,Neu,Neg,edaawesinjig,<ChCnj><<adaawe>>sinjig,JDN-2010-MS-VTI-p28,,,,,,
VAIO,Pcp,VAIO,adaawen,adaawe,3PlProxHead,XSubj,3PlProxObj,Neu,Pos,edaawenjig,<ChCnj><<adaawe>>njig,JDN-2010-MS-VTI-p27,,,,,,
VAIO,Pcp,VAIO,adaawen,adaawe,3PlProxHead,XSubj,3PlProxObj,Prt,Neg,edaawesingibaniig,<ChCnj><<adaawe>>singibaniig,JDN-2010-MS-VTI-p32,,,,,,
VAIO,Pcp,VAIO,adaawen,adaawe,3PlProxHead,XSubj,3PlProxObj,Prt,Pos,edaawengibaniig,<ChCnj><<adaawe>>ngibaniig,JDN-2010-MS-VTI-p31,,,,,,
VAIO,Pcp,VAIO,adaawen,adaawe,3PlProxHead,3PlProxSubj,3SgObvObj,Dub,Neg,edaawesiigwenag,<ChCnj><<adaawe>>siigwenag,JDN-2010-MS-VTI-p36,,,,,,
VAIO,Pcp,VAIO,adaawen,adaawe,3PlProxHead,3PlProxSubj,3SgObvObj,Dub,Pos,edaawegwenag,<ChCnj><<adaawe>>gwenag,JDN-2010-MS-VTI-p35,,,,,,
VAIO,Pcp,VAIO,adaawen,adaawe,3PlProxHead,3PlProxSubj,3SgObvObj,DubPrt,Neg,edaawesiigobanenag,<ChCnj><<adaawe>>siigobanenag,JDN-2010-MS-VTI-p40,,,,,,
VAIO,Pcp,VAIO,adaawen,adaawe,3PlProxHead,3PlProxSubj,3SgObvObj,DubPrt,Pos,edaawegobanenag,<ChCnj><<adaawe>>gobanenag,JDN-2010-MS-VTI-p39,,,,,,
VAIO,Pcp,VAIO,adaawen,adaawe,3PlProxHead,3PlProxSubj,3SgObvObj,Neu,Neg,edaawesijig,<ChCnj><<adaawe>>sijig,JDN-2010-MS-VTI-p28,,,,,,
VAIO,Pcp,VAIO,adaawen,adaawe,3PlProxHead,3PlProxSubj,3SgObvObj,Neu,Pos,edaawejig,<ChCnj><<adaawe>>jig,JDN-2010-MS-VTI-p27,,,,,,
VAIO,Pcp,VAIO,adaawen,adaawe,3PlProxHead,3PlProxSubj,3SgObvObj,Prt,Neg,edaawesigobaniig,<ChCnj><<adaawe>>sigobaniig,JDN-2010-MS-VTI-p32,,,,,,
VAIO,Pcp,VAIO,adaawen,adaawe,3PlProxHead,3PlProxSubj,3SgObvObj,Prt,Pos,edaawepaniig,<ChCnj><<adaawe>>paniig,JDN-2010-MS-VTI-p31,,,,,,
VAIO,Pcp,VAIO,adaawen,adaawe,3SgObvHead,3PlProxSubj,3SgObvObj,Dub,Neg,edaawesiiwaagwenan,<ChCnj><<adaawe>>siiwaagwenan,JDN-2010-MS-VTI-p36,,,,,,
VAIO,Pcp,VAIO,adaawen,adaawe,3SgObvHead,3PlProxSubj,3SgObvObj,Dub,Pos,edaawewaagwenan,<ChCnj><<adaawe>>waagwenan,JDN-2010-MS-VTI-p35,,,,,,
VAIO,Pcp,VAIO,adaawen,adaawe,3SgObvHead,3PlProxSubj,3SgObvObj,DubPrt,Neg,edaawesiiwaagobanenan,<ChCnj><<adaawe>>siiwaagobanenan,JDN-2010-MS-VTI-p40,,,,,,
VAIO,Pcp,VAIO,adaawen,adaawe,3SgObvHead,3PlProxSubj,3SgObvObj,DubPrt,Pos,edaawewaagobanenan,<ChCnj><<adaawe>>waagobanenan,JDN-2010-MS-VTI-p39,,,,,,
VAIO,Pcp,VAIO,adaawen,adaawe,3SgObvHead,3PlProxSubj,3SgObvObj,Neu,Neg,edaawesiwaajin,<ChCnj><<adaawe>>siwaajin,JDN-2010-MS-VTI-p28,,,,,,
VAIO,Pcp,VAIO,adaawen,adaawe,3SgObvHead,3PlProxSubj,3SgObvObj,Neu,Pos,edaawewaajin,<ChCnj><<adaawe>>waajin,JDN-2010-MS-VTI-p27,,,,,,
VAIO,Pcp,VAIO,adaawen,adaawe,3SgObvHead,3PlProxSubj,3SgObvObj,Prt,Neg,edaawesigwaabaniin,<ChCnj><<adaawe>>sigwaabaniin,JDN-2010-MS-VTI-p32,,,,,,
VAIO,Pcp,VAIO,adaawen,adaawe,3SgObvHead,3PlProxSubj,3SgObvObj,Prt,Pos,edaawewaapaniin,<ChCnj><<adaawe>>waapaniin,JDN-2010-MS-VTI-p31,,,,,,
VAIO,Pcp,VAIO,adaawen,adaawe,3SgObvHead,3SgProxSubj,3SgObvObj,Dub,Neg,edaawesiigwenan,<ChCnj><<adaawe>>siigwenan,JDN-2010-MS-VTI-p36,,,,,,
VAIO,Pcp,VAIO,adaawen,adaawe,3SgObvHead,3SgProxSubj,3SgObvObj,Dub,Pos,edaawegwenan,<ChCnj><<adaawe>>gwenan,JDN-2010-MS-VTI-p35,,,,,,
VAIO,Pcp,VAIO,adaawen,adaawe,3SgObvHead,3SgProxSubj,3SgObvObj,DubPrt,Neg,edaawesiigobanenan,<ChCnj><<adaawe>>siigobanenan,JDN-2010-MS-VTI-p40,,,,,,
VAIO,Pcp,VAIO,adaawen,adaawe,3SgObvHead,3SgProxSubj,3SgObvObj,DubPrt,Pos,edaawegobanenan,<ChCnj><<adaawe>>gobanenan,JDN-2010-MS-VTI-p39,,,,,,
VAIO,Pcp,VAIO,adaawen,adaawe,3SgObvHead,3SgProxSubj,3SgObvObj,Neu,Neg,edaawesijin,<ChCnj><<adaawe>>sijin,JDN-2010-MS-VTI-p28,,,,,,
VAIO,Pcp,VAIO,adaawen,adaawe,3SgObvHead,3SgProxSubj,3SgObvObj,Neu,Pos,edaawejin,<ChCnj><<adaawe>>jin,JDN-2010-MS-VTI-p27,,,,,,
VAIO,Pcp,VAIO,adaawen,adaawe,3SgObvHead,3SgProxSubj,3SgObvObj,Prt,Neg,edaawesigobaniin,<ChCnj><<adaawe>>sigobaniin,JDN-2010-MS-VTI-p32,,,,,,
VAIO,Pcp,VAIO,adaawen,adaawe,3SgObvHead,3SgProxSubj,3SgObvObj,Prt,Pos,edaawepaniin,<ChCnj><<adaawe>>paniin,JDN-2010-MS-VTI-p31,,,,,,
VAIO,Pcp,VAIO,adaawen,adaawe,3SgProxHead,3SgProxSubj,3SgObvObj,Dub,Neg,edaawesiigwen,<ChCnj><<adaawe>>siigwen,JDN-2010-MS-VTI-p36,,,,,,
VAIO,Pcp,VAIO,adaawen,adaawe,3SgProxHead,3SgProxSubj,3SgObvObj,Dub,Pos,edaawegwen,<ChCnj><<adaawe>>gwen,JDN-2010-MS-VTI-p35,,,,,,
VAIO,Pcp,VAIO,adaawen,adaawe,3SgProxHead,3SgProxSubj,3SgObvObj,DubPrt,Neg,edaawesiigobanen,<ChCnj><<adaawe>>siigobanen,JDN-2010-MS-VTI-p40,,,,,,
VAIO,Pcp,VAIO,adaawen,adaawe,3SgProxHead,3SgProxSubj,3SgObvObj,DubPrt,Pos,edaawegobanen,<ChCnj><<adaawe>>gobanen,JDN-2010-MS-VTI-p39,,,,,,
VAIO,Pcp,VAIO,adaawen,adaawe,3SgProxHead,3SgProxSubj,3SgObvObj,Neu,Neg,edaawesig,<ChCnj><<adaawe>>sig,JDN-2010-MS-VTI-p28,,,,,,
VAIO,Pcp,VAIO,adaawen,adaawe,3SgProxHead,3SgProxSubj,3SgObvObj,Neu,Pos,edaawed,<ChCnj><<adaawe>>d,JDN-2010-MS-VTI-p27,,,,,,
VAIO,Pcp,VAIO,adaawen,adaawe,3SgProxHead,3SgProxSubj,3SgObvObj,Prt,Neg,edaawesigoban,<ChCnj><<adaawe>>sigoban,JDN-2010-MS-VTI-p32,,,,,,
VAIO,Pcp,VAIO,adaawen,adaawe,3SgProxHead,3SgProxSubj,3SgObvObj,Prt,Pos,edaawepan,<ChCnj><<adaawe>>pan,JDN-2010-MS-VTI-p31,,,,,,
VAIO,Pcp,VAIO,adaawen,adaawe,3SgProxHead,1SgSubj,3SgProxObj,Dub,Neg,edaawesiiwaanen,<ChCnj><<adaawe>>siiwaanen,JDN-2010-MS-VTI-p36,,,,,,
VAIO,Pcp,VAIO,adaawen,adaawe,3SgProxHead,1SgSubj,3SgProxObj,Dub,Pos,edaawewaanen,<ChCnj><<adaawe>>waanen,JDN-2010-MS-VTI-p35,,,,,,
VAIO,Pcp,VAIO,adaawen,adaawe,3SgProxHead,1SgSubj,3SgProxObj,DubPrt,Neg,edaawesiiwaambaanen,<ChCnj><<adaawe>>siiwaambaanen,JDN-2010-MS-VTI-p40,,,,,,
VAIO,Pcp,VAIO,adaawen,adaawe,3SgProxHead,1SgSubj,3SgProxObj,DubPrt,Pos,edaawewaambaanen,<ChCnj><<adaawe>>waambaanen,JDN-2010-MS-VTI-p39,,,,,,
VAIO,Pcp,VAIO,adaawen,adaawe,3SgProxHead,1SgSubj,3SgProxObj,Neu,Neg,edaawesiwaan,<ChCnj><<adaawe>>siwaan,JDN-2010-MS-VTI-p28,,,,,,
VAIO,Pcp,VAIO,adaawen,adaawe,3SgProxHead,1SgSubj,3SgProxObj,Neu,Pos,edaaweyaan,<ChCnj><<adaawe>>yaan,JDN-2010-MS-VTI-p27,,,,,,
VAIO,Pcp,VAIO,adaawen,adaawe,3SgProxHead,1SgSubj,3SgProxObj,Prt,Neg,edaawesiwaambaan,<ChCnj><<adaawe>>siwaambaan,JDN-2010-MS-VTI-p32,,,,,,
VAIO,Pcp,VAIO,adaawen,adaawe,3SgProxHead,1SgSubj,3SgProxObj,Prt,Pos,edaaweyaambaan,<ChCnj><<adaawe>>yaambaan,JDN-2010-MS-VTI-p31,,,,,,
VAIO,Pcp,VAIO,adaawen,adaawe,3SgProxHead,2PlSubj,3SgProxObj,Dub,Neg,edaawesiiwegwen,<ChCnj><<adaawe>>siiwegwen,JDN-2010-MS-VTI-p36,,,,,,
VAIO,Pcp,VAIO,adaawen,adaawe,3SgProxHead,2PlSubj,3SgProxObj,Dub,Pos,edaawewegwen,<ChCnj><<adaawe>>wegwen,JDN-2010-MS-VTI-p35,,,,,,
VAIO,Pcp,VAIO,adaawen,adaawe,3SgProxHead,2PlSubj,3SgProxObj,DubPrt,Neg,edaawesiiwegobanen,<ChCnj><<adaawe>>siiwegobanen,JDN-2010-MS-VTI-p40,,,,,,
VAIO,Pcp,VAIO,adaawen,adaawe,3SgProxHead,2PlSubj,3SgProxObj,DubPrt,Pos,edaawewegobanen,<ChCnj><<adaawe>>wegobanen,JDN-2010-MS-VTI-p39,,,,,,
VAIO,Pcp,VAIO,adaawen,adaawe,3SgProxHead,2PlSubj,3SgProxObj,Neu,Neg,edaawesiweg,<ChCnj><<adaawe>>siweg,JDN-2010-MS-VTI-p28,,,,,,
VAIO,Pcp,VAIO,adaawen,adaawe,3SgProxHead,2PlSubj,3SgProxObj,Neu,Pos,edaaweyeg,<ChCnj><<adaawe>>yeg,JDN-2010-MS-VTI-p27,,,,,,
VAIO,Pcp,VAIO,adaawen,adaawe,3SgProxHead,2PlSubj,3SgProxObj,Prt,Neg,edaawesiwegoban,<ChCnj><<adaawe>>siwegoban,JDN-2010-MS-VTI-p32,,,,,,
VAIO,Pcp,VAIO,adaawen,adaawe,3SgProxHead,2PlSubj,3SgProxObj,Prt,Pos,edaaweyegoban,<ChCnj><<adaawe>>yegoban,JDN-2010-MS-VTI-p31,,,,,,
VAIO,Pcp,VAIO,adaawen,adaawe,3SgProxHead,2SgSubj,3SgProxObj,Dub,Neg,edaawesiiwanen,<ChCnj><<adaawe>>siiwanen,JDN-2010-MS-VTI-p36,,,,,,
VAIO,Pcp,VAIO,adaawen,adaawe,3SgProxHead,2SgSubj,3SgProxObj,Dub,Pos,edaawewanen,<ChCnj><<adaawe>>wanen,JDN-2010-MS-VTI-p35,,,,,,
VAIO,Pcp,VAIO,adaawen,adaawe,3SgProxHead,2SgSubj,3SgProxObj,DubPrt,Neg,edaawesiiwambanen,<ChCnj><<adaawe>>siiwambanen,JDN-2010-MS-VTI-p40,,,,,,
VAIO,Pcp,VAIO,adaawen,adaawe,3SgProxHead,2SgSubj,3SgProxObj,DubPrt,Pos,edaawewambanen,<ChCnj><<adaawe>>wambanen,JDN-2010-MS-VTI-p39,,,,,,
VAIO,Pcp,VAIO,adaawen,adaawe,3SgProxHead,2SgSubj,3SgProxObj,Neu,Neg,edaawesiwan,<ChCnj><<adaawe>>siwan,JDN-2010-MS-VTI-p28,,,,,,
VAIO,Pcp,VAIO,adaawen,adaawe,3SgProxHead,2SgSubj,3SgProxObj,Neu,Pos,edaaweyan,<ChCnj><<adaawe>>yan,JDN-2010-MS-VTI-p27,,,,,,
VAIO,Pcp,VAIO,adaawen,adaawe,3SgProxHead,2SgSubj,3SgProxObj,Prt,Neg,edaawesiwamban,<ChCnj><<adaawe>>siwamban,JDN-2010-MS-VTI-p32,,,,,,
VAIO,Pcp,VAIO,adaawen,adaawe,3SgProxHead,2SgSubj,3SgProxObj,Prt,Pos,edaaweyamban,<ChCnj><<adaawe>>yamban,JDN-2010-MS-VTI-p31,,,,,,
VAIO,Pcp,VAIO,adaawen,adaawe,3PlObvHead,3PlObvSubj,3SgProxObj,Dub,Neg,edaawesiinigwenan,<ChCnj><<adaawe>>siinigwenan,JDN-2010-MS-VTI-p36,,,,,,
VAIO,Pcp,VAIO,adaawen,adaawe,3PlObvHead,3PlObvSubj,3SgProxObj,Dub,Pos,edaawenigwenan,<ChCnj><<adaawe>>nigwenan,JDN-2010-MS-VTI-p35,,,,,,
VAIO,Pcp,VAIO,adaawen,adaawe,3PlObvHead,3PlObvSubj,3SgProxObj,DubPrt,Neg,edaawesiinigobanenan,<ChCnj><<adaawe>>siinigobanenan,JDN-2010-MS-VTI-p40,,,,,,
VAIO,Pcp,VAIO,adaawen,adaawe,3PlObvHead,3PlObvSubj,3SgProxObj,DubPrt,Pos,edaawenigobanenan,<ChCnj><<adaawe>>nigobanenan,JDN-2010-MS-VTI-p39,,,,,,
VAIO,Pcp,VAIO,adaawen,adaawe,3PlObvHead,3PlObvSubj,3SgProxObj,Neu,Neg,edaawesinijin,<ChCnj><<adaawe>>sinijin,GUESS,,,,,,
VAIO,Pcp,VAIO,adaawen,adaawe,3PlObvHead,3PlObvSubj,3SgProxObj,Neu,Pos,edaawenijin,<ChCnj><<adaawe>>nijin,JDN-2010-MS-VTI-p27,,,,,,
VAIO,Pcp,VAIO,adaawen,adaawe,3PlObvHead,3PlObvSubj,3SgProxObj,Prt,Neg,edaawesinigobaniin,<ChCnj><<adaawe>>sinigobaniin,JDN-2010-MS-VTI-p32,,,,,,
VAIO,Pcp,VAIO,adaawen,adaawe,3PlObvHead,3PlObvSubj,3SgProxObj,Prt,Pos,edaawenipaniin,<ChCnj><<adaawe>>nipaniin,JDN-2010-MS-VTI-p31,,,,,,
VAIO,Pcp,VAIO,adaawen,adaawe,3SgProxHead,3PlObvSubj,3SgProxObj,Dub,Neg,edaawesiinigwen,<ChCnj><<adaawe>>siinigwen,JDN-2010-MS-VTI-p36,,,,,,
VAIO,Pcp,VAIO,adaawen,adaawe,3SgProxHead,3PlObvSubj,3SgProxObj,Dub,Pos,edaawenigwen,<ChCnj><<adaawe>>nigwen,JDN-2010-MS-VTI-p35,,,,,,
VAIO,Pcp,VAIO,adaawen,adaawe,3SgProxHead,3PlObvSubj,3SgProxObj,DubPrt,Neg,edaawesiinigobanen,<ChCnj><<adaawe>>siinigobanen,JDN-2010-MS-VTI-p40,,,,,,
VAIO,Pcp,VAIO,adaawen,adaawe,3SgProxHead,3PlObvSubj,3SgProxObj,DubPrt,Pos,edaawenigobanen,<ChCnj><<adaawe>>nigobanen,JDN-2010-MS-VTI-p39,,,,,,
VAIO,Pcp,VAIO,adaawen,adaawe,3SgProxHead,3PlObvSubj,3SgProxObj,Neu,Neg,edaawesinid,<ChCnj><<adaawe>>sinid,GUESS,,,,,,
VAIO,Pcp,VAIO,adaawen,adaawe,3SgProxHead,3PlObvSubj,3SgProxObj,Neu,Pos,edaawenid,<ChCnj><<adaawe>>nid,JDN-2010-MS-VTI-p27,,,,,,
VAIO,Pcp,VAIO,adaawen,adaawe,3SgProxHead,3PlObvSubj,3SgProxObj,Prt,Neg,edaawesinigoban,<ChCnj><<adaawe>>sinigoban,JDN-2010-MS-VTI-p32,,,,,,
VAIO,Pcp,VAIO,adaawen,adaawe,3SgProxHead,3PlObvSubj,3SgProxObj,Prt,Pos,edaawenipan,<ChCnj><<adaawe>>nipan,JDN-2010-MS-VTI-p31,,,,,,
VAIO,Pcp,VAIO,adaawen,adaawe,3SgObvHead,3SgObvSubj,3SgProxObj,Dub,Neg,edaawesiinigwenan,<ChCnj><<adaawe>>siinigwenan,JDN-2010-MS-VTI-p36,,,,,,
VAIO,Pcp,VAIO,adaawen,adaawe,3SgObvHead,3SgObvSubj,3SgProxObj,Dub,Pos,edaawenigwenan,<ChCnj><<adaawe>>nigwenan,JDN-2010-MS-VTI-p35,,,,,,
VAIO,Pcp,VAIO,adaawen,adaawe,3SgObvHead,3SgObvSubj,3SgProxObj,DubPrt,Neg,edaawesiinigobanenan,<ChCnj><<adaawe>>siinigobanenan,JDN-2010-MS-VTI-p40,,,,,,
VAIO,Pcp,VAIO,adaawen,adaawe,3SgObvHead,3SgObvSubj,3SgProxObj,DubPrt,Pos,edaawenigobanenan,<ChCnj><<adaawe>>nigobanenan,JDN-2010-MS-VTI-p39,,,,,,
VAIO,Pcp,VAIO,adaawen,adaawe,3SgObvHead,3SgObvSubj,3SgProxObj,Neu,Neg,edaawesinijin,<ChCnj><<adaawe>>sinijin,GUESS,,,,,,
VAIO,Pcp,VAIO,adaawen,adaawe,3SgObvHead,3SgObvSubj,3SgProxObj,Neu,Pos,edaawenijin,<ChCnj><<adaawe>>nijin,JDN-2010-MS-VTI-p27,,,,,,
VAIO,Pcp,VAIO,adaawen,adaawe,3SgObvHead,3SgObvSubj,3SgProxObj,Prt,Neg,edaawesinigobaniin,<ChCnj><<adaawe>>sinigobaniin,JDN-2010-MS-VTI-p32,,,,,,
VAIO,Pcp,VAIO,adaawen,adaawe,3SgObvHead,3SgObvSubj,3SgProxObj,Prt,Pos,edaawenipaniin,<ChCnj><<adaawe>>nipaniin,JDN-2010-MS-VTI-p31,,,,,,
VAIO,Pcp,VAIO,adaawen,adaawe,3SgProxHead,3SgObvSubj,3SgProxObj,Dub,Neg,edaawesiinigwen,<ChCnj><<adaawe>>siinigwen,JDN-2010-MS-VTI-p36,,,,,,
VAIO,Pcp,VAIO,adaawen,adaawe,3SgProxHead,3SgObvSubj,3SgProxObj,Dub,Pos,edaawenigwen,<ChCnj><<adaawe>>nigwen,JDN-2010-MS-VTI-p35,,,,,,
VAIO,Pcp,VAIO,adaawen,adaawe,3SgProxHead,3SgObvSubj,3SgProxObj,DubPrt,Neg,edaawesiinigobanen,<ChCnj><<adaawe>>siinigobanen,JDN-2010-MS-VTI-p40,,,,,,
VAIO,Pcp,VAIO,adaawen,adaawe,3SgProxHead,3SgObvSubj,3SgProxObj,DubPrt,Pos,edaawenigobanen,<ChCnj><<adaawe>>nigobanen,JDN-2010-MS-VTI-p39,,,,,,
VAIO,Pcp,VAIO,adaawen,adaawe,3SgProxHead,3SgObvSubj,3SgProxObj,Neu,Neg,edaawesinid,<ChCnj><<adaawe>>sinid,GUESS,,,,,,
VAIO,Pcp,VAIO,adaawen,adaawe,3SgProxHead,3SgObvSubj,3SgProxObj,Neu,Pos,edaawenid,<ChCnj><<adaawe>>nid,JDN-2010-MS-VTI-p27,,,,,,
VAIO,Pcp,VAIO,adaawen,adaawe,3SgProxHead,3SgObvSubj,3SgProxObj,Prt,Neg,edaawesinigoban,<ChCnj><<adaawe>>sinigoban,JDN-2010-MS-VTI-p32,,,,,,
VAIO,Pcp,VAIO,adaawen,adaawe,3SgProxHead,3SgObvSubj,3SgProxObj,Prt,Pos,edaawenipan,<ChCnj><<adaawe>>nipan,JDN-2010-MS-VTI-p31,,,,,,
VAIO,Pcp,VAIO,adaawen,adaawe,3SgProxHead,ExclSubj,3SgProxObj,Dub,Neg,edaawesiiwaangen,<ChCnj><<adaawe>>siiwaangen,JDN-2010-MS-VTI-p36,,,,,,
VAIO,Pcp,VAIO,adaawen,adaawe,3SgProxHead,ExclSubj,3SgProxObj,Dub,Pos,edaawewaangen,<ChCnj><<adaawe>>waangen,JDN-2010-MS-VTI-p35,,,,,,
VAIO,Pcp,VAIO,adaawen,adaawe,3SgProxHead,ExclSubj,3SgProxObj,DubPrt,Neg,edaawesiiwaangibanen,<ChCnj><<adaawe>>siiwaangibanen,JDN-2010-MS-VTI-p40,,,,,,
VAIO,Pcp,VAIO,adaawen,adaawe,3SgProxHead,ExclSubj,3SgProxObj,DubPrt,Pos,edaawewaangibanen,<ChCnj><<adaawe>>waangibanen,JDN-2010-MS-VTI-p39,,,,,,
VAIO,Pcp,VAIO,adaawen,adaawe,3SgProxHead,ExclSubj,3SgProxObj,Neu,Neg,edaawesiwaang,<ChCnj><<adaawe>>siwaang,JDN-2010-MS-VTI-p28,,,,,,
VAIO,Pcp,VAIO,adaawen,adaawe,3SgProxHead,ExclSubj,3SgProxObj,Neu,Pos,edaaweyaang,<ChCnj><<adaawe>>yaang,JDN-2010-MS-VTI-p27,,,,,,
VAIO,Pcp,VAIO,adaawen,adaawe,3SgProxHead,ExclSubj,3SgProxObj,Prt,Neg,edaawesiwaangiban,<ChCnj><<adaawe>>siwaangiban,JDN-2010-MS-VTI-p32,,,,,,
VAIO,Pcp,VAIO,adaawen,adaawe,3SgProxHead,ExclSubj,3SgProxObj,Prt,Pos,edaaweyaangiban,<ChCnj><<adaawe>>yaangiban,JDN-2010-MS-VTI-p31,,,,,,
VAIO,Pcp,VAIO,adaawen,adaawe,3SgProxHead,InclSubj,3SgProxObj,Dub,Neg,edaawesiiwangen,<ChCnj><<adaawe>>siiwangen,JDN-2010-MS-VTI-p36,,,,,,
VAIO,Pcp,VAIO,adaawen,adaawe,3SgProxHead,InclSubj,3SgProxObj,Dub,Pos,edaawewangen,<ChCnj><<adaawe>>wangen,JDN-2010-MS-VTI-p35,,,,,,
VAIO,Pcp,VAIO,adaawen,adaawe,3SgProxHead,InclSubj,3SgProxObj,DubPrt,Neg,edaawesiiwangibanen,<ChCnj><<adaawe>>siiwangibanen,JDN-2010-MS-VTI-p40,,,,,,
VAIO,Pcp,VAIO,adaawen,adaawe,3SgProxHead,InclSubj,3SgProxObj,DubPrt,Pos,edaawewangibanen,<ChCnj><<adaawe>>wangibanen,JDN-2010-MS-VTI-p39,,,,,,
VAIO,Pcp,VAIO,adaawen,adaawe,3SgProxHead,InclSubj,3SgProxObj,Neu,Neg,edaawesiwang,<ChCnj><<adaawe>>siwang,JDN-2010-MS-VTI-p28,,,,,,
VAIO,Pcp,VAIO,adaawen,adaawe,3SgProxHead,InclSubj,3SgProxObj,Neu,Pos,edaaweyang,<ChCnj><<adaawe>>yang,JDN-2010-MS-VTI-p27,,,,,,
VAIO,Pcp,VAIO,adaawen,adaawe,3SgProxHead,InclSubj,3SgProxObj,Prt,Neg,edaawesiwangiban,<ChCnj><<adaawe>>siwangiban,JDN-2010-MS-VTI-p32,,,,,,
VAIO,Pcp,VAIO,adaawen,adaawe,3SgProxHead,InclSubj,3SgProxObj,Prt,Pos,edaaweyangoban,<ChCnj><<adaawe>>yangoban,GUESS,,,,,,
VAIO,Pcp,VAIO,adaawen,adaawe,3SgProxHead,XSubj,3SgProxObj,Dub,Neg,edaawesiiwiingen,<ChCnj><<adaawe>>siiwiingen,JDN-2010-MS-VTI-p36,,,,,,
VAIO,Pcp,VAIO,adaawen,adaawe,3SgProxHead,XSubj,3SgProxObj,Dub,Pos,edaawewiingen,<ChCnj><<adaawe>>wiingen,JDN-2010-MS-VTI-p35,,,,,,
VAIO,Pcp,VAIO,adaawen,adaawe,3SgProxHead,XSubj,3SgProxObj,DubPrt,Neg,edaawesiiwiingibanen,<ChCnj><<adaawe>>siiwiingibanen,JDN-2010-MS-VTI-p40,,,,,,
VAIO,Pcp,VAIO,adaawen,adaawe,3SgProxHead,XSubj,3SgProxObj,DubPrt,Pos,edaawewiingibanen,<ChCnj><<adaawe>>wiingibanen,JDN-2010-MS-VTI-p39,,,,,,
VAIO,Pcp,VAIO,adaawen,adaawe,3SgProxHead,XSubj,3SgProxObj,Neu,Neg,edaawesing,<ChCnj><<adaawe>>sing,JDN-2010-MS-VTI-p28,,,,,,
VAIO,Pcp,VAIO,adaawen,adaawe,3SgProxHead,XSubj,3SgProxObj,Neu,Pos,edaaweng,<ChCnj><<adaawe>>ng,JDN-2010-MS-VTI-p27,,,,,,
VAIO,Pcp,VAIO,adaawen,adaawe,3SgProxHead,XSubj,3SgProxObj,Prt,Neg,edaawesingiban,<ChCnj><<adaawe>>singiban,JDN-2010-MS-VTI-p32,,,,,,
VAIO,Pcp,VAIO,adaawen,adaawe,3SgProxHead,XSubj,3SgProxObj,Prt,Pos,edaawengiban,<ChCnj><<adaawe>>ngiban,JDN-2010-MS-VTI-p31,,,,,,
VAIO,Pcp,VAIO,adaawen,adaawe,3PlObvHead,3PlObvSubj,NONE,Dub,Neg,edaawesiinigwenan,<ChCnj><<adaawe>>siinigwenan,JDN-2010-MS-VAI-p32,,,,,,
VAIO,Pcp,VAIO,adaawen,adaawe,3PlObvHead,3PlObvSubj,NONE,Dub,Pos,edaawenigwenan,<ChCnj><<adaawe>>nigwenan,JDN-2010-MS-VAI-p31,,,,,,
VAIO,Pcp,VAIO,adaawen,adaawe,3PlObvHead,3PlObvSubj,NONE,DubPrt,Neg,edaawesiinigobanenan,<ChCnj><<adaawe>>siinigobanenan,JDN-2010-MS-VAI-p36,,,,,,
VAIO,Pcp,VAIO,adaawen,adaawe,3PlObvHead,3PlObvSubj,NONE,DubPrt,Pos,edaawenigobanenan,<ChCnj><<adaawe>>nigobanenan,JDN-2010-MS-VAI-p35,,,,,,
VAIO,Pcp,VAIO,adaawen,adaawe,3PlObvHead,3PlObvSubj,NONE,Neu,Neg,edaawesinijin,<ChCnj><<adaawe>>sinijin,NJ-ngs-2023Aug18,,,,,,
VAIO,Pcp,VAIO,adaawen,adaawe,3PlObvHead,3PlObvSubj,NONE,Neu,Pos,edaawenijin,<ChCnj><<adaawe>>nijin,JDN-2010-MS-VAI-p23,,,,,,
VAIO,Pcp,VAIO,adaawen,adaawe,3PlObvHead,3PlObvSubj,NONE,Prt,Neg,edaawesinigobaniin,<ChCnj><<adaawe>>sinigobaniin,JDN-2010-MS-VAI-p28,,,,,,
VAIO,Pcp,VAIO,adaawen,adaawe,3PlObvHead,3PlObvSubj,NONE,Prt,Pos,edaawenipaniin,<ChCnj><<adaawe>>nipaniin,JDN-2010-MS-VAI-p27,,,,,,
VAIO,Pcp,VAIO,adaawen,adaawe,3PlProxHead,3PlProxSubj,NONE,Dub,Neg,edaawesiigwenag,<ChCnj><<adaawe>>siigwenag,JDN-2010-MS-VAI-p32,,,,,,
VAIO,Pcp,VAIO,adaawen,adaawe,3PlProxHead,3PlProxSubj,NONE,Dub,Pos,edaawegwenag,<ChCnj><<adaawe>>gwenag,JDN-2010-MS-VAI-p31,,,,,,
VAIO,Pcp,VAIO,adaawen,adaawe,3PlProxHead,3PlProxSubj,NONE,DubPrt,Neg,edaawesiigobanenag,<ChCnj><<adaawe>>siigobanenag,JDN-2010-MS-VAI-p36,,,,,,
VAIO,Pcp,VAIO,adaawen,adaawe,3PlProxHead,3PlProxSubj,NONE,DubPrt,Pos,edaawegobanenag,<ChCnj><<adaawe>>gobanenag,JDN-2010-MS-VAI-p35,,,,,,
VAIO,Pcp,VAIO,adaawen,adaawe,3PlProxHead,3PlProxSubj,NONE,Neu,Neg,edaawesijig,<ChCnj><<adaawe>>sijig,JDN-2010-MS-VAI-p24,,,,,,
VAIO,Pcp,VAIO,adaawen,adaawe,3PlProxHead,3PlProxSubj,NONE,Neu,Pos,edaawejig,<ChCnj><<adaawe>>jig,JDN-2010-MS-VAI-p23,,,,,,
VAIO,Pcp,VAIO,adaawen,adaawe,3PlProxHead,3PlProxSubj,NONE,Prt,Neg,edaawesigobaniig,<ChCnj><<adaawe>>sigobaniig,JDN-2010-MS-VAI-p28,,,,,,
VAIO,Pcp,VAIO,adaawen,adaawe,3PlProxHead,3PlProxSubj,NONE,Prt,Pos,edaawepaniig,<ChCnj><<adaawe>>paniig,JDN-2010-MS-VAI-p27,,,,,,
VAIO,Pcp,VAIO,adaawen,adaawe,3SgObvHead,3SgObvSubj,NONE,Dub,Neg,edaawesiinigwenan,<ChCnj><<adaawe>>siinigwenan,JDN-2010-MS-VAI-p32,,,,,,
VAIO,Pcp,VAIO,adaawen,adaawe,3SgObvHead,3SgObvSubj,NONE,Dub,Pos,edaawenigwenan,<ChCnj><<adaawe>>nigwenan,JDN-2010-MS-VAI-p31,,,,,,
VAIO,Pcp,VAIO,adaawen,adaawe,3SgObvHead,3SgObvSubj,NONE,DubPrt,Neg,edaawesiinigobanenan,<ChCnj><<adaawe>>siinigobanenan,JDN-2010-MS-VAI-p36,,,,,,
VAIO,Pcp,VAIO,adaawen,adaawe,3SgObvHead,3SgObvSubj,NONE,DubPrt,Pos,edaawenigobanenan,<ChCnj><<adaawe>>nigobanenan,JDN-2010-MS-VAI-p35,,,,,,
VAIO,Pcp,VAIO,adaawen,adaawe,3SgObvHead,3SgObvSubj,NONE,Neu,Neg,edaawesinijin,<ChCnj><<adaawe>>sinijin,NJ-ngs-2023Aug18,,,,,,
VAIO,Pcp,VAIO,adaawen,adaawe,3SgObvHead,3SgObvSubj,NONE,Neu,Pos,edaawenijin,<ChCnj><<adaawe>>nijin,JDN-2010-MS-VAI-p23,,,,,,
VAIO,Pcp,VAIO,adaawen,adaawe,3SgObvHead,3SgObvSubj,NONE,Prt,Neg,edaawesinigobaniin,<ChCnj><<adaawe>>sinigobaniin,JDN-2010-MS-VAI-p28,,,,,,
VAIO,Pcp,VAIO,adaawen,adaawe,3SgObvHead,3SgObvSubj,NONE,Prt,Pos,edaawenipaniin,<ChCnj><<adaawe>>nipaniin,JDN-2010-MS-VAI-p27,,,,,,
VAIO,Pcp,VAIO,adaawen,adaawe,3SgProxHead,3SgProxSubj,NONE,Dub,Neg,edaawesiigwen,<ChCnj><<adaawe>>siigwen,JDN-2010-MS-VAI-p32,,,,,,
VAIO,Pcp,VAIO,adaawen,adaawe,3SgProxHead,3SgProxSubj,NONE,Dub,Pos,edaawegwen,<ChCnj><<adaawe>>gwen,JDN-2010-MS-VAI-p31,,,,,,
VAIO,Pcp,VAIO,adaawen,adaawe,3SgProxHead,3SgProxSubj,NONE,DubPrt,Neg,edaawesiigobanen,<ChCnj><<adaawe>>siigobanen,JDN-2010-MS-VAI-p36,,,,,,
VAIO,Pcp,VAIO,adaawen,adaawe,3SgProxHead,3SgProxSubj,NONE,DubPrt,Pos,edaawegobanen,<ChCnj><<adaawe>>gobanen,JDN-2010-MS-VAI-p35,,,,,,
VAIO,Pcp,VAIO,adaawen,adaawe,3SgProxHead,3SgProxSubj,NONE,Neu,Neg,edaawesig,<ChCnj><<adaawe>>sig,JDN-2010-MS-VAI-p24,,,,,,
VAIO,Pcp,VAIO,adaawen,adaawe,3SgProxHead,3SgProxSubj,NONE,Neu,Pos,edaawed,<ChCnj><<adaawe>>d,JDN-2010-MS-VAI-p23,,,,,,
VAIO,Pcp,VAIO,adaawen,adaawe,3SgProxHead,3SgProxSubj,NONE,Prt,Neg,edaawesigoban,<ChCnj><<adaawe>>sigoban,JDN-2010-MS-VAI-p28,,,,,,
VAIO,Pcp,VAIO,adaawen,adaawe,3SgProxHead,3SgProxSubj,NONE,Prt,Pos,edaawepan,<ChCnj><<adaawe>>pan,JDN-2010-MS-VAI-p27,,,,,,